posmut,pos,ref,alt
138:G>A,138,G,A
285:C>T,285,C,T
343:A>G,343,A,G
366:C>T,366,C,T
371:A>G,371,A,G
492:G>A,492,G,A
493:A>G,493,A,G
583:T>C,583,T,C
688:C>T,688,C,T
918:C>T,918,C,T
1075:T>C,1075,T,C
1084:A>G,1084,A,G
1260:A>G,1260,A,G
1275:T>C,1275,T,C
1503:T>C,1503,T,C
1579:T>C,1579,T,C
1625:A>G,1625,A,G
1632:A>G,1632,A,G
1657:T>C,1657,T,C
1696:A>G,1696,A,G
1702:G>A,1702,G,A
1704:T>C,1704,T,C
1715:C>T,1715,C,T
1780:A>G,1780,A,G
1789:A>G,1789,A,G
1798:G>A,1798,G,A
1880:T>C,1880,T,C
1931:C>A,1931,C,A
2046:T>C,2046,T,C
2161:G>A,2161,G,A
2300:C>T,2300,C,T
2302:T>C,2302,T,C
2383:C>T,2383,C,T
2461:G>A,2461,G,A
2463:A>T,2463,A,T
2502:C>A,2502,C,A
2561:C>T,2561,C,T
2651:T>C,2651,T,C
2679:A>G,2679,A,G
2702:C>T,2702,C,T
2712:A>G,2712,A,G
2715:A>G,2715,A,G
2741:C>T,2741,C,T
2799:A>T,2799,A,T
2940:T>C,2940,T,C
2964:A>G,2964,A,G
2986:T>C,2986,T,C
3079:G>A,3079,G,A
3079:G>T,3079,G,T
3088:T>C,3088,T,C
3291:A>G,3291,A,G
3319:T>C,3319,T,C
3379:G>A,3379,G,A
3408:T>C,3408,T,C
3567:A>G,3567,A,G
3588:T>C,3588,T,C
3589:T>C,3589,T,C
3677:T>C,3677,T,C
3691:T>C,3691,T,C
3739:G>A,3739,G,A
3798:C>A,3798,C,A
3816:T>C,3816,T,C
3818:C>G,3818,C,G
3818:C>T,3818,C,T
3865:C>T,3865,C,T
4030:A>G,4030,A,G
4125:T>C,4125,T,C
4171:T>C,4171,T,C
4251:T>C,4251,T,C
4286:C>T,4286,C,T
4354:G>A,4354,G,A
4413:G>A,4413,G,A
4501:C>T,4501,C,T
4569:T>A,4569,T,A
4719:A>G,4719,A,G
4769:G>A,4769,G,A
4783:A>T,4783,A,T
5032:C>T,5032,C,T
5167:C>T,5167,C,T
5169:C>T,5169,C,T
5187:G>A,5187,G,A
5214:A>G,5214,A,G
5247:A>C,5247,A,C
5298:C>T,5298,C,T
5361:C>T,5361,C,T
5385:C>T,5385,C,T
5412:G>T,5412,G,T
5588:C>T,5588,C,T
5594:C>T,5594,C,T
5613:C>T,5613,C,T
5764:C>T,5764,C,T
5775:C>T,5775,C,T
5828:T>C,5828,T,C
5846:C>T,5846,C,T
5853:A>G,5853,A,G
5861:G>A,5861,G,A
5909:G>T,5909,G,T
5916:T>C,5916,T,C
5930:G>A,5930,G,A
6002:A>G,6002,A,G
6023:G>A,6023,G,A
6026:T>C,6026,T,C
6039:T>C,6039,T,C
6044:G>A,6044,G,A
6047:C>T,6047,C,T
6115:G>T,6115,G,T
6164:T>C,6164,T,C
6173:T>C,6173,T,C
6214:G>A,6214,G,A
6218:A>G,6218,A,G
6231:C>T,6231,C,T
6317:T>A,6317,T,A
6350:C>T,6350,C,T
6383:T>C,6383,T,C
6399:T>C,6399,T,C
6404:C>T,6404,C,T
6461:C>T,6461,C,T
6492:A>G,6492,A,G
6506:T>C,6506,T,C
6507:G>A,6507,G,A
6536:C>T,6536,C,T
6543:G>A,6543,G,A
6551:A>G,6551,A,G
6578:A>G,6578,A,G
6587:A>G,6587,A,G
6620:G>A,6620,G,A
6661:A>C,6661,A,C
6671:C>T,6671,C,T
6785:G>A,6785,G,A
6791:T>C,6791,T,C
6833:T>C,6833,T,C
6848:A>G,6848,A,G
6903:G>A,6903,G,A
6938:C>A,6938,C,A
6940:A>C,6940,A,C
6952:T>C,6952,T,C
6970:T>C,6970,T,C
7018:C>A,7018,C,A
7022:C>A,7022,C,A
7058:A>G,7058,A,G
7059:T>C,7059,T,C
7070:C>T,7070,C,T
7268:A>G,7268,A,G
7324:A>G,7324,A,G
7417:G>A,7417,G,A
7435:A>G,7435,A,G
7452:A>G,7452,A,G
7602:C>T,7602,C,T
7612:T>C,7612,T,C
7683:C>A,7683,C,A
7741:G>T,7741,G,T
7766:A>T,7766,A,T
7987:G>A,7987,G,A
8036:T>C,8036,T,C
8048:G>A,8048,G,A
8162:T>C,8162,T,C
8194:C>T,8194,C,T
8218:C>T,8218,C,T
8298:A>G,8298,A,G
8374:T>C,8374,T,C
8407:A>G,8407,A,G
8443:C>T,8443,C,T
8481:C>T,8481,C,T
8493:T>C,8493,T,C
8552:T>C,8552,T,C
8563:G>A,8563,G,A
8580:A>G,8580,A,G
8602:A>T,8602,A,T
8697:C>T,8697,C,T
8752:C>T,8752,C,T
8793:C>T,8793,C,T
8798:A>G,8798,A,G
8810:A>G,8810,A,G
8862:T>C,8862,T,C
8958:C>T,8958,C,T
8977:T>C,8977,T,C
9027:G>A,9027,G,A
9141:T>C,9141,T,C
9163:T>C,9163,T,C
9232:T>G,9232,T,G
9235:T>C,9235,T,C
9281:T>C,9281,T,C
9308:A>G,9308,A,G
9461:T>C,9461,T,C
9475:T>C,9475,T,C
9605:A>T,9605,A,T
9685:C>T,9685,C,T
9778:C>T,9778,C,T
9844:C>T,9844,C,T
9864:C>T,9864,C,T
10012:G>A,10012,G,A
10073:T>C,10073,T,C
10230:A>G,10230,A,G
10383:C>A,10383,C,A
10389:C>T,10389,C,T
10667:C>T,10667,C,T
10709:C>T,10709,C,T
10718:C>T,10718,C,T
10745:C>T,10745,C,T
10759:C>T,10759,C,T
10889:C>T,10889,C,T
10900:G>A,10900,G,A
11185:G>A,11185,G,A
11530:C>T,11530,C,T
11612:C>A,11612,C,A
11633:C>A,11633,C,A
11679:A>G,11679,A,G
11689:T>C,11689,T,C
11838:C>T,11838,C,T
11873:C>A,11873,C,A
11884:T>C,11884,T,C
11990:C>A,11990,C,A
11992:T>C,11992,T,C
12028:T>A,12028,T,A
12213:T>C,12213,T,C
12252:G>A,12252,G,A
12286:T>A,12286,T,A
12321:A>G,12321,A,G
12432:C>T,12432,C,T
12433:C>T,12433,C,T
12447:G>A,12447,G,A
12480:C>T,12480,C,T
12588:C>T,12588,C,T
12619:T>A,12619,T,A
12790:T>C,12790,T,C
12794:A>G,12794,A,G
12795:G>A,12795,G,A
12807:A>G,12807,A,G
12858:C>T,12858,C,T
12913:C>A,12913,C,A
12935:A>G,12935,A,G
12949:A>G,12949,A,G
12950:C>T,12950,C,T
13168:G>C,13168,G,C
13206:A>G,13206,A,G
13208:A>G,13208,A,G
13268:A>G,13268,A,G
13359:A>G,13359,A,G
13362:T>C,13362,T,C
13421:A>G,13421,A,G
13511:A>G,13511,A,G
13515:C>T,13515,C,T
13776:C>T,13776,C,T
13811:A>G,13811,A,G
13828:A>G,13828,A,G
13914:A>G,13914,A,G
14007:T>C,14007,T,C
14169:C>A,14169,C,A
14194:C>T,14194,C,T
14260:T>C,14260,T,C
14279:C>A,14279,C,A
14290:T>C,14290,T,C
14374:G>A,14374,G,A
14458:G>T,14458,G,T
14464:A>G,14464,A,G
14467:C>T,14467,C,T
14581:T>C,14581,T,C
14616:A>G,14616,A,G
14632:G>A,14632,G,A
14779:A>G,14779,A,G
14803:T>C,14803,T,C
14810:C>T,14810,C,T
14841:C>A,14841,C,A
14934:A>G,14934,A,G
14962:A>G,14962,A,G
14963:T>C,14963,T,C
15152:C>T,15152,C,T
15191:C>T,15191,C,T
15360:G>A,15360,G,A
15428:A>G,15428,A,G
15452:C>T,15452,C,T
15466:G>T,15466,G,T
15475:A>G,15475,A,G
15516:G>A,15516,G,A
15548:T>C,15548,T,C
15706:A>C,15706,A,C
15712:A>G,15712,A,G
15747:C>T,15747,C,T
15771:A>G,15771,A,G
15956:G>T,15956,G,T
15997:A>G,15997,A,G
16029:A>G,16029,A,G
16114:T>C,16114,T,C
16193:A>G,16193,A,G
16200:A>T,16200,A,T
