posmut,df_mousewise,df_cellwise,df_mitowise,ms_mousewise,ms_cellwise,ms_mitowise,msprop_mousewise,msprop_cellwise,msprop_mitowise,fstat_celltomito,pval_celltomito,fstat_mousetocell,pval_mousetocell
1224:A>G,11,73,663,0.00406882684984022,0.00183927629697983,0.00182813265613912,0.525944006035062,0.23774822068845,0.236307773276488,1.00609564125627,0.467532768278365,2.21218903137142,0.0225292129017834
1228:G>A,11,73,669,0.0123269131262752,0.00534032603645294,0.00151463611780644,0.642633368531195,0.278404794023044,0.0789618374457617,3.52581453305564,5.53918113150898e-18,2.30826976520384,0.0172171985608379
1229:A>G,11,73,667,0.00384392321350919,0.0017047029855705,0.00151445501904177,0.544227525466787,0.241354011503764,0.214418463029449,1.12562140448985,0.231037064042924,2.2548932254159,0.0199956789840505
1233:A>G,11,73,654,0.011123720355406,0.00598129087831607,0.00581487457069837,0.485330531326672,0.260965125627392,0.253704343045936,1.02861907090074,0.417368875971681,1.85975244837745,0.059189884112949
1244:G>A,11,73,671,0.00384781294360984,0.00545138225045428,0.00293805507785901,0.314434440589826,0.445474443140369,0.240091116269806,1.85543909354714,4.92109500252218e-05,0.705841705246259,0.729055083633147
1253:A>G,11,73,658,0.00249952067150989,0.00344507823322555,0.00239883628811178,0.299579323592363,0.412908850323305,0.287511826084332,1.43614562206632,0.0131626165888578,0.725533791193371,0.710584393757212
1265:A>G,11,73,612,0.0026370830520167,0.0038413962763664,0.0018002895045573,0.318535654906078,0.464005742143912,0.21745860295001,2.13376585634821,7.33408043145052e-07,0.686490760727017,0.746975279973668
1270:G>A,11,73,648,0.00302467237967356,0.00214275272708871,0.00205424335555999,0.418832904813373,0.296711589332594,0.284455505854033,1.04308611795635,0.386244040317317,1.41158255987059,0.186188489251756
1275:T>C,11,73,640,0.00207695536128647,0.0021500439491944,0.00148591177771332,0.363554644772702,0.376348225274764,0.260097129952534,1.4469526262879,0.0117718538313511,0.966006002837609,0.484615711096355
1288:A>G,11,73,631,0.002478827474251,0.00165730089151906,0.000996400911357382,0.482964117768918,0.322901400466363,0.194134481764719,1.66328720962463,0.000804010492507784,1.49570152706485,0.15170424191034
1302:T>C,11,73,642,0.00251796297915154,0.001783493241628,0.00235943555682888,0.378021902054624,0.267755925358745,0.354222172586631,0.755898264085264,0.932629759671731,1.41181526253114,0.186084556633004
1328:A>G,11,73,610,0.00521755196615796,0.00123019465776905,0.00121532479475479,0.680869547090229,0.160535455113985,0.158594997795786,1.0122352996322,0.454064061958705,4.24124095581746,7.31304881772237e-05
1329:A>G,11,73,566,0.00536555664932551,0.00264277510030431,0.00189985111889708,0.541527818018889,0.26672651639273,0.191745665588381,1.39104326334714,0.0227224821085841,2.03027365011411,0.0372692484363685
2631:A>G,11,74,577,0.00306373509597925,0.00248673536758427,0.00196875487561188,0.407453555091253,0.330716962906844,0.261829482001903,1.26310055070284,0.0775716935995019,1.23203101380084,0.281696836275065
2642:A>G,11,73,577,0.00162050401426614,0.00152094200221549,0.00132103939395752,0.363139341694042,0.340828453726152,0.296032204579805,1.15132221580396,0.194558922094359,1.06546075518042,0.400660198691012
2659:C>T,11,72,554,0.00033699939761328,0.000424444753736154,0.000538634587538179,0.259214605648906,0.326476190280076,0.414309204071017,0.788001297272929,0.895648423805383,0.793977059786602,0.645296140388828
2662:A>G,11,72,563,0.00138430708268529,0.00207002514758418,0.00138738933449701,0.285912162475219,0.427539072599278,0.286548764925503,1.49202901890165,0.0077114700888093,0.668739258699749,0.763086909519901
2679:A>G,11,72,542,0.00265098107961398,0.00191869397489667,0.00218802289407487,0.392290555124451,0.283927158256353,0.323782286619196,0.876907632041907,0.75234956198223,1.38165914642889,0.200307636708727
2682:G>A,11,72,566,0.000986259112972565,0.000818671504277247,0.00104676140533145,0.345850500391636,0.287082720642537,0.367066778965828,0.782099435561459,0.90288814267074,1.20470678143765,0.299735835873626
2687:A>G,11,72,560,0.00109963763645016,0.00111092050573692,0.00110381057018835,0.331778909312127,0.335183138070573,0.333037952617299,1.00644126423555,0.467379531379913,0.989843675376865,0.463849425975085
2689:A>G,11,72,539,0.00170464451834701,0.00253223074299066,0.00133519615187856,0.305926538253586,0.454450518524321,0.239622943222093,1.89652339802503,3.92275880665505e-05,0.673178983813204,0.7590634168896
2691:C>T,11,73,560,0.00126025515872126,0.000863432503704826,0.0013638889654542,0.361355546612671,0.247573772803269,0.391070680584059,0.633066565955599,0.991851063369818,1.45958734853476,0.165767155589523
2692:C>T,11,72,556,0.00131483046626979,0.00108329407424272,0.000878265511987792,0.401304620390484,0.330636480054025,0.268058899555492,1.23344712897912,0.103696033893248,1.21373364586059,0.293882823072464
2708:A>G,11,71,535,0.00340945439950922,0.00198124441773442,0.00217878541771321,0.450420965772532,0.261741005891098,0.287838028336369,0.909334348223182,0.684145859404597,1.72086511335537,0.0861454280513119
2710:T>C,11,73,565,0.00360969528064269,0.00155389313048417,0.00148591473264715,0.542851879696076,0.233685599793888,0.223462520510036,1.04574851863533,0.381816656573523,2.32300099011182,0.0165193044048815
2717:C>T,11,72,549,0.00108214838851477,0.000893317010280321,0.000631432070047691,0.415109685535559,0.342674393971033,0.242215920493408,1.41474760731246,0.0183731022114123,1.21138227086395,0.295399158337601
2726:A>G,11,72,543,0.00186720405489227,0.000667664781095801,0.000849413863044797,0.551728156582741,0.197283986141761,0.250987857275498,0.786030002739181,0.897825880354245,2.79661906357818,0.00436845786836846
2992:T>C,11,76,683,0.00146516040060136,0.00106563709071705,0.00106110451824387,0.407906562233838,0.296677662107744,0.295415775658418,1.00427156080786,0.471883650456705,1.3749149812489,0.2022211150312
2994:G>A,11,75,683,0.00138463531037746,0.00160813623793518,0.00106971143899291,0.340834734497147,0.395850577826487,0.263314687676366,1.50333648806184,0.00545161419971931,0.861018661052819,0.581187110366647
3008:A>G,11,76,680,0.00288713741335905,0.00089269936400124,0.00102407937176321,0.600996629361615,0.185827424186851,0.213175946451534,0.871709155184164,0.770856734707771,3.23416541983225,0.00117160321175122
3016:T>C,11,75,672,0.00863028742552029,0.00157232585205627,0.00120808017744409,0.756333299070707,0.137794066439008,0.105872634490285,1.3015078646376,0.0516204455590436,5.4888669636982,2.34841880273628e-06
3021:A>G,11,75,677,0.00334471614907833,0.00196194059290589,0.00213239245812155,0.449616081182899,0.263735396840499,0.286648521976602,0.920065434218519,0.667196202349432,1.70479991146132,0.0885601086795925
3028:A>G,11,74,639,0.00778919614783764,0.00228249892052722,0.00224137048698919,0.632596010540258,0.185372108210269,0.182031881249474,1.01834968104415,0.440089885443372,3.41257385832123,0.000729557385997323
3051:G>T,11,75,669,0.00288505506509384,0.00140169073837825,0.00120920435986251,0.524941998990647,0.25504065661465,0.220017344394703,1.15918432392819,0.178881972943154,2.05826790896245,0.0340979201625984
3054:A>G,11,76,676,0.00189771209085913,0.00123538581531196,0.000769156897660532,0.486311680363816,0.31658255993405,0.197105759702134,1.60615580393221,0.00138781643416935,1.53612909209251,0.13622473770299
3069:G>A,11,75,644,0.00132033734796001,0.00108574649919077,0.00117377089554652,0.368824279994439,0.303293451055698,0.327882268949863,0.92500717415151,0.655816100272628,1.21606410791477,0.291538752393434
3078:A>G,11,75,657,0.00236970277104146,0.00165987267486,0.00132744411446691,0.442354698230468,0.309850030628945,0.247795271140587,1.2504275372275,0.083844318581411,1.42764129257163,0.17846572131628
3088:T>C,11,75,651,0.00245989215179804,0.00117875876732167,0.00129263400150933,0.498833912740993,0.239036840558648,0.262129246700359,0.911904503475312,0.685100169490612,2.08684950644084,0.0315016020954908
3791:A>G,11,74,696,0.00440841274981846,0.00276652587589929,0.00208106641836424,0.476275966664157,0.298889840997669,0.224834192338174,1.32937894316407,0.0395823542265974,1.59348328827232,0.118418373453685
3869:C>T,11,75,743,0.00641020492785406,0.0059586361056287,0.00360384839333833,0.401322830273663,0.37305152228297,0.225625647443367,1.6534092046278,0.000720277537722028,1.07578392340468,0.392073841576585
6430:A>C,11,75,749,0.408633959000546,0.00752628455049423,0.00511000522104896,0.970004314787538,0.0178656920882301,0.012129993124232,1.4728526146103,0.00759861034214986,54.2942478800795,3.62696004041269e-31
6432:G>C,11,75,782,0.410077788810975,0.00719564088717436,0.00489121284861531,0.971369336705049,0.0170446317904922,0.0115860315044586,1.47113632341955,0.00762806573489045,56.9897518846312,7.35591692998139e-32
6476:G>A,11,75,764,0.00122506094544516,0.00248693380650321,0.00102172559807532,0.258794532600353,0.525365594630186,0.21583987276946,2.43405255891404,1.68855268877026e-09,0.492598935380463,0.902252998120143
6484:T>C,11,75,763,0.00162394831329442,0.000681585977375069,0.000654464949405598,0.548631327774673,0.230265592013388,0.221103080211938,1.04144000071219,0.387751063059192,2.38260229406213,0.0137213755076817
6518:C>A,11,75,708,0.0125233572765999,0.00162258646739829,0.0015454449316536,0.798103822132218,0.103406173981022,0.0984900038867593,1.04991542187282,0.370137567586177,7.71814478194205,9.57035911217969e-09
7572:A>G,11,66,381,0.00735921546501637,0.00216776098163191,0.00302809774982714,0.586154677371984,0.172660149012936,0.24118517361508,0.715882101809844,0.951229438562247,3.39484635408295,0.00091501073668227
7653:T>C,11,65,379,0.00406068493351537,0.00166183292271367,0.00222480680590564,0.510949924175447,0.209105956200775,0.279944119623779,0.746956058522663,0.924671103064127,2.44349770546399,0.0128034846994707
7656:C>T,11,65,362,0.00278170605502344,0.00214960913695625,0.00124660903689049,0.450265485941734,0.347950064992845,0.201784449065422,1.72436511636253,0.00103423456150967,1.29405202424949,0.248053866176411
8912:T>C,11,79,1356,0.00352015630426625,0.00130621023359452,0.000821140510544295,0.623311538010456,0.231289704005489,0.145398757984055,1.59072682058847,0.00100864030895018,2.69493854337616,0.00537268591517209
8914:A>G,11,79,1355,0.00341230679065364,0.00127625640716377,0.000865869748560868,0.61433936165862,0.229772583355416,0.155888054985964,1.47395888271301,0.0052488249281472,2.67368435645061,0.00571544837833476
8927:A>G,11,79,1348,0.0349561137443672,0.00186305463514134,0.00121470206475578,0.919078530164125,0.0489840926884236,0.0319373771474516,1.53375439887468,0.00230819694311427,18.7627958327241,8.87520448264158e-18
8932:C>T,11,79,1348,0.00131815881522951,0.000532086898910387,0.000485577455982908,0.564323032706371,0.227794169402992,0.207882797890638,1.09578171794103,0.269470660488499,2.47733747613191,0.0100999507209052
8936:T>C,11,79,1345,0.00157561286757651,0.00109865699986237,0.000853397725188887,0.446644369460795,0.311440058059432,0.241915572479773,1.28739152617169,0.0495185796760026,1.43412627214307,0.174443307656947
8960:A>G,11,79,1343,0.0307914863383465,0.00177547086903853,0.00113909084873683,0.913530007643658,0.0526751420422323,0.0337948503141098,1.55867363082356,0.00161856454836741,17.3427156002965,7.43973017436496e-17
8961:A>G,11,79,1341,0.00514367179042352,0.0014701506097657,0.000927540354392248,0.682061314090571,0.194944953267573,0.122993732641857,1.58499908149978,0.0011026735347752,3.49873799069014,0.000515147751195823
8972:A>G,11,79,1329,0.00333356161870708,0.00098288068145266,0.000836874566179661,0.646876896020375,0.190727779204239,0.162395324775386,1.17446594886916,0.146103644875383,3.3916239087945,0.000703488958845886
8975:A>G,11,79,1333,0.00195638012282117,0.00186397992082416,0.000830347280715594,0.420662919933369,0.400794930925974,0.178542149140657,2.24481968462374,9.13434881491437e-09,1.04957145780635,0.412431309743562
8982:C>T,11,79,1322,0.00297316428076836,0.00146149810879058,0.000871526029683141,0.560320148072133,0.275432757625168,0.164247094302699,1.67694143262931,0.000272815280397012,2.03432646466352,0.0356420665819962
8986:T>C,11,79,1336,0.00198497693713051,0.000618560965384472,0.000720112406761238,0.59722797298816,0.186108918756611,0.216663108255229,0.858978347792253,0.804674572081015,3.20902392522737,0.00119809241184402
8990:A>G,11,79,1347,0.00324757029217058,0.0013508420239418,0.00100185636301097,0.579895443994831,0.241210217105736,0.178894338899433,1.3483390172639,0.0252264245766714,2.40410813004919,0.0124744474817025
8994:C>A,11,79,1321,0.0065195936935233,0.00115709973903644,0.00101004958221217,0.750522224778223,0.133202943504692,0.116274831717085,1.1455870676192,0.185556713114647,5.63442672535077,1.3146707090567e-06
9009:T>C,11,79,1328,0.00362574893011112,0.00143951726610013,0.000804587540876885,0.617689825421399,0.245239035004344,0.137071139574257,1.7891369092433,4.36599557635744e-05,2.51872555855742,0.00896084801525295
9016:T>C,11,79,1331,0.00387017595779153,0.00189656204836763,0.00095030200677321,0.576172830642702,0.282350863582197,0.141476305775101,1.99574665195908,1.12294206091357e-06,2.04062712375933,0.0350208378481325
9027:G>A,11,77,1138,4.41190343851347,0.0633530052808467,0.0914889377839249,0.966093589607735,0.0138726817431964,0.0200337286490684,0.692466289536244,0.979476997241114,69.6400023796078,2.24993066338317e-35
9373:T>G,11,78,1043,0.00786804718861524,0.000897023871155564,0.000646093562765433,0.836033318317926,0.0953148634768884,0.0686518182051856,1.38838075915211,0.0170691608309607,8.77127960762011,6.59141088192208e-10
9383:A>G,11,78,1050,0.00364923243581627,0.00119932531277583,0.000925749156134004,0.631977568221994,0.207700306298963,0.160322125479043,1.29551866704832,0.047892749636083,3.0427377767673,0.00197578114952744
9390:T>G,11,78,1047,0.0686875935557285,0.00343893053429077,0.00155151608229837,0.932266838193341,0.0466751087060381,0.0210580531006212,2.21649686621131,2.83849128541324e-08,19.9735333036887,2.04542249674901e-18
9391:A>G,11,78,1046,0.00359877253184847,0.00138774438116122,0.000801051556648911,0.621810791650255,0.239780209674665,0.13840899867508,1.73240332615626,0.000141552330209834,2.59325318171141,0.00729279344660333
9393:T>C,11,78,1052,0.00242258940905904,0.00226359310640847,0.000714354259830414,0.448583077915509,0.419142244667633,0.132274677416859,3.16872626607678,6.93248143448427e-17,1.07024067276068,0.395913322961232
9404:A>G,11,78,1039,0.00384393715292026,0.00135760051322185,0.00114916994905408,0.605276984209186,0.213771534682739,0.180951481108075,1.18137488222637,0.14120424130995,2.83141993206665,0.00365424782563565
9409:A>G,11,78,1045,0.00165288575391263,0.00107445198326496,0.000724900563868588,0.478786691350865,0.311233434534156,0.209979874114979,1.48220602496281,0.00530647098103385,1.53835236907467,0.134849202883547
9416:T>C,11,78,1050,0.00659298777688091,0.00206079502049407,0.000994847214298614,0.683308176280389,0.213584210193652,0.103107613525959,2.07146885559404,4.25665028857688e-07,3.19924481150011,0.00125302697672993
9418:A>G,11,78,1032,0.00235509971245097,0.0017058217728325,0.00101420014746654,0.464047934783157,0.336114461144094,0.199837604072749,1.68193800513008,0.000312463065924339,1.38062472291015,0.198881231147847
9419:C>T,11,78,1034,0.00565483113960343,0.00193067978269793,0.00117346248998628,0.645604327519761,0.220423066930361,0.133972605549878,1.64528461640091,0.000542449736250226,2.92893269525067,0.00275168830454235
9420:T>C,11,78,1037,0.00364084409903887,0.00123801614880225,0.00109102883780206,0.609867963509512,0.207376742020136,0.182755294470352,1.1347235800809,0.205533898853476,2.9408696345046,0.00265773650818029
9423:C>T,11,78,1015,0.00253124243580814,0.000631970479004415,0.00085447100345814,0.630025280061764,0.15729721199084,0.212677507947396,0.73960435924304,0.954511092622113,4.00531752653347,0.000122503347210794
9426:T>C,11,78,1042,0.00259485009187198,0.00122397417238554,0.000977173863469516,0.541044850887328,0.255207391618733,0.203747757493939,1.25256540124779,0.0738683570591668,2.1200202997867,0.0281978962604394
9428:A>G,11,76,1020,0.00633654125879791,0.00307381607071256,0.0011225866607857,0.601592609306161,0.291828768247929,0.10657862244591,2.7381548152026,1.45863225198123e-12,2.06145752153902,0.0336009235054412
9446:C>A,11,77,1005,0.00502246571176417,0.00188535667288144,0.00132707266235265,0.60990039133467,0.228947261880244,0.161152346785086,1.42068835141179,0.0120809966756794,2.66393398342406,0.00600817715465035
9447:C>A,11,76,1006,0.00262141436431692,0.000999049220808338,0.00118213453830875,0.545832546663831,0.20802265672273,0.246144796613439,0.845123112837607,0.823109946255597,2.62390912251142,0.00681693792395285
9451:A>G,11,78,1032,0.0249317646816443,0.00195850185925338,0.0014658077282285,0.879238939954032,0.0690681594590748,0.051692900586893,1.33612466460409,0.0310733885919952,12.7300183882128,2.11379831402822e-13
9453:A>G,11,78,1032,0.00305619119857272,0.00170726677704369,0.00135402484360474,0.49958312738863,0.279079946359548,0.221336926251822,1.26088290411167,0.0681801721618799,1.79010757994414,0.0698944573796711
9457:T>C,11,77,1032,0.0111320553391786,0.00370843489225778,0.00273845718906171,0.633260631191034,0.210958870491502,0.155780498317465,1.35420590362723,0.0260427061619639,3.00182035349181,0.00225799289349155
9459:A>G,11,77,1024,0.00271191140518567,0.00110537192421432,0.00108021176379576,0.553734379224477,0.22570148681722,0.220564133958303,1.02329187781676,0.426205837411875,2.4533926959591,0.0110152807698862
9461:T>C,11,77,1020,0.346439848859768,0.0417270885185769,0.016122281422081,0.856910926014045,0.103210985052696,0.0398780889332586,2.58816276841735,2.40077264542983e-11,8.30251669021991,2.09066159932634e-09
9463:A>G,11,77,975,0.00504940777182523,0.00131415297632409,0.0010543862213733,0.680701519243967,0.177158583328166,0.142139897427867,1.24636774427159,0.0801686455439199,3.84232875684631,0.000200052907063749
9468:T>C,11,78,1022,0.0243476960142779,0.00408275084208923,0.00261635924723622,0.784225466962028,0.131503086934774,0.0842714461031973,1.56047027807898,0.00185736330537844,5.96355177084934,5.81974078167739e-07
9475:T>C,11,77,1009,0.0107715542641305,0.00282053891088965,0.00200112195385899,0.690784689052434,0.180882447114189,0.128332863833377,1.40947877037204,0.0138086524969598,3.8189702764047,0.000213851020693713
9480:T>C,11,77,1001,0.00086505917697394,0.00195455322318801,0.00102282861591864,0.225132714686751,0.508674880110902,0.266192405202347,1.91092935098668,8.6734498225047e-06,0.44258665699723,0.931575286139478
12811:G>A,11,79,900,0.0103767044024917,0.00121796956288008,0.000978998785028949,0.825272345517422,0.0968666504256892,0.0778610040568892,1.24409711381211,0.0804383327622858,8.51967464437646,1.05900884306362e-09
12822:A>G,11,79,895,0.00225483936636804,0.000738342182645655,0.000748880484351856,0.602566004054206,0.1973089104516,0.200125085494194,0.985927925848779,0.515449015610218,3.05392190689744,0.00188461530631026
12831:A>T,11,79,907,0.219269127413436,0.0178867609500988,0.00931174395312324,0.889646747333224,0.0725724541676053,0.0377807984991703,1.92088195725136,6.5896290806754e-06,12.2587386293785,4.37835154957701e-13
12838:T>C,11,79,907,0.00274591167658933,0.00123813174048919,0.00090196398136578,0.561994989500757,0.253403574641212,0.184601435858031,1.37270641186179,0.0206223241806123,2.21778635244777,0.0212577201265555
12846:A>G,11,79,897,0.00377137891471025,0.00129875184497457,0.00105104782260352,0.616119733154454,0.212173493636097,0.171706773209449,1.23567340804481,0.087156324576966,2.9038487447031,0.00292154976824512
12866:C>T,11,79,891,0.00202003509175491,0.00108317197385636,0.000703789993230931,0.530611151133711,0.284521358202935,0.184867490663355,1.53905566187973,0.0025321947286839,1.86492555246152,0.0568735658495497
12874:T>C,11,79,898,0.00123444563708285,0.00158993490383634,0.000975634558664124,0.324852824194886,0.418402259509622,0.256744916295493,1.62964184664936,0.000698492809213374,0.776412690924809,0.662280380528129
13727:A>G,11,79,1248,0.0040612119791795,0.000949860174125524,0.000903859246647348,0.686603394793759,0.160586845374601,0.15280975983164,1.05089390593591,0.362156771378264,4.27558928125226,5.5246285819321e-05
13728:T>C,11,79,1248,0.00335312409881725,0.000595104839143795,0.000778406838330978,0.709410298892911,0.125904526455949,0.16468517465114,0.76451645828265,0.936287997504353,5.63450988508435,1.31437977618283e-06
13741:A>G,11,79,1237,0.00229400558045464,0.00183142944817348,0.00119918270601547,0.430830098004809,0.343955104280565,0.225214797714627,1.52723137098831,0.00260523884011535,1.25257655037845,0.267691331022229
13744:A>G,11,79,1235,0.00837704714754832,0.00588022420607771,0.00225212208878388,0.507410958298993,0.356174454657576,0.136414587043431,2.61097044221655,5.28238812831291e-12,1.42461356131454,0.178544989650129
13746:A>G,11,79,1236,0.00120825072294003,0.000820117111008492,0.000567587311562128,0.465435901321151,0.315921140789652,0.218642957889197,1.44491797878875,0.00787629925869146,1.47326608202852,0.158403352216758
13747:A>G,11,79,1247,0.00663338383400293,0.00267160793243673,0.00227855185213461,0.572655834210031,0.230638224399034,0.196705941390935,1.17250258313582,0.149109346376419,2.48291815332077,0.00993841888772981
13749:A>G,11,79,1243,0.000860119372933421,0.00068073970221691,0.0005891779490134,0.403804893143165,0.319590549128682,0.276604557728153,1.15540594035611,0.171915734538489,1.26350699119258,0.261137091606947
13755:G>A,11,79,1239,0.00108732346524383,0.00106241161116054,0.000715662170274879,0.379466919117043,0.370772887560978,0.249760193321979,1.4845155372017,0.00467431107616092,1.02344840156263,0.434116404237987
13757:A>G,11,79,1222,0.00485110569578832,0.00118557521190581,0.00115160112656891,0.67486301631815,0.164931649350255,0.160205334331595,1.02950160828526,0.410679879580798,4.09177388922478,9.32110817514109e-05
13760:C>T,11,79,1237,0.203141545918502,0.0067793572774833,0.00244105728384061,0.95658160934053,0.031923595271797,0.0114947953876726,2.77722170731572,1.42492111411726e-13,29.9647204895379,9.94780679223537e-24
13763:A>G,11,79,1246,0.00747295563665232,0.0020646758330972,0.00150419587809564,0.676786133421175,0.186986788332651,0.136227078246173,1.37261101639977,0.0192487875358353,3.6194328992761,0.000362925502724343
13766:A>del,11,79,1219,0.0100297314075103,0.00321723143857785,0.00248562440044478,0.637513159809146,0.204494746360733,0.157992093830121,1.29433531389624,0.0465790559913639,3.11750385354428,0.00156514878078636
13767:A>G,11,79,1230,0.00101061157759025,0.000589191566310054,0.000594453169238988,0.460571343255876,0.268515379348325,0.270913277395799,0.991148835263727,0.50235261965518,1.71525126185942,0.0850442890166658
13778:A>T,11,79,1237,0.0569847341734546,0.0046478331916049,0.00278833317450809,0.884569040422748,0.0721479077857687,0.0432830517914832,1.66688587794924,0.000330642929055915,12.2604946916732,4.36375491326839e-13
13779:T>A,11,79,1231,0.0554656660491329,0.00536695007661899,0.00286656800630128,0.870743743501462,0.0842546125158041,0.0450016439827341,1.87225632352743,1.11352440710407e-05,10.3346715093863,2.01653578960181e-11
13780:A>G,11,79,1240,0.00127144599439198,0.000639025310463162,0.000464788462972748,0.535287134322441,0.269033862787789,0.19567900288977,1.37487343462876,0.0187560559052357,1.98966453061216,0.0403575634943361
13784:A>G,11,79,1195,0.00480368281555186,0.00106467524534112,0.00107749311074294,0.691590230894694,0.153282185153754,0.155127583951552,0.988103993172651,0.509829522412899,4.5118761205092,2.83610884855695e-05
13785:C>A,11,79,1199,0.0518318643787744,0.00526986032889785,0.00318011312157341,0.859825550202921,0.0874203660449978,0.0527540837520813,1.65712983388796,0.000390975873896248,9.83552905464092,5.78177052288796e-11
13785:C>T,11,79,1199,0.00149585679802221,0.0013839206018878,0.000715162510003633,0.416100640207402,0.384963486613897,0.198935873178701,1.93511346376473,3.76431575285891e-06,1.08088339459772,0.387307719345453
13786:C>A,11,79,1154,0.014152572633749,0.00203115532113227,0.00190090172557143,0.782574643983239,0.112313901750927,0.105111454265833,1.06852200395667,0.324799314515933,6.96774514804688,4.26735222488486e-08
13786:C>G,11,79,1154,0.08086114647204,0.00959522095474225,0.00397855126562584,0.856263208479266,0.101606705312001,0.042130086208733,2.41173741749759,4.05656074356546e-10,8.42723131165374,1.30882994792743e-09
13786:C>T,11,79,1154,0.00117818887097069,0.00235912491098035,0.000952538821357685,0.262411480969874,0.525434823682593,0.212153695347533,2.47667061760046,1.06476468186912e-10,0.499417756765191,0.898204381305635
13787:C>T,11,79,1179,0.00120064727971597,0.00230999980769091,0.00101082973264184,0.265543168194994,0.510894979588997,0.223561852216009,2.28525114873069,5.01006644087125e-09,0.51976077042021,0.88456081523405
13788:C>A,11,79,1189,0.00270594409065549,0.00116445906432486,0.00117521732896235,0.536295605122691,0.230786098167839,0.232918296709471,0.990845723278272,0.503135388933593,2.32377777249248,0.015710362585736
13788:C>T,11,79,1189,0.00238923408490689,0.00101605364747165,0.000806481123482267,0.567275690255935,0.241241550104959,0.191482759639106,1.2598604206438,0.0666730329216333,2.35148418673783,0.014510903129813
13789:C>A,11,79,1200,0.0165223300074151,0.00168235671296296,0.00116755697945144,0.852886751964643,0.0868436686545381,0.0602695793808188,1.44092043692239,0.00835604012880259,9.82094337075285,5.9648627676176e-11
13796:A>del,11,79,1216,0.00846174967390063,0.00282153519883769,0.00148628925559291,0.662649324782646,0.22095765845297,0.116393016764384,1.8983755606254,7.12467832930962e-06,2.99898781251653,0.00221270820329574
13801:A>G,11,79,1175,0.00431091553009486,0.00112566952128289,0.000997558406110395,0.670006125691487,0.174952505911695,0.155041368396818,1.12842467607688,0.213203509288332,3.8296457784358,0.000197703258285441
13803:C>A,11,79,1182,0.00259566988094039,0.0017653348892361,0.00161751447301613,0.434166015923746,0.295279619823283,0.270554364252971,1.0913873839684,0.278804410688791,1.47035550974897,0.159550795905918
13822:T>C,11,79,1203,0.00196443279642522,0.000811531690044447,0.000703381105877266,0.564598354571656,0.233242622356764,0.20215902307158,1.15375815935842,0.174526374188286,2.42064828832209,0.0118943037013843
15197:C>T,11,58,230,0.00180505923825445,0.00380586081846553,0.000915468765125901,0.276578562437523,0.583149567449324,0.140271870113153,4.15728090727609,6.17892085441596e-15,0.474284090867575,0.911724540342825
15219:T>C,11,58,225,0.00226025892168987,0.000823539251006953,0.00134733297779018,0.510086216121466,0.185853052649196,0.304060731229338,0.611236616769879,0.986180854963234,2.74456732806144,0.00628757862364863
15266:C>T,11,56,222,0.00150494069882633,0.00278840289802166,0.00226069123034052,0.229620491576165,0.425448288198646,0.344931220225189,1.23342934258282,0.14629699154462,0.539714221317898,0.867682991548919
16045:G>A,11,69,465,0.00694880267954354,0.00441705095509662,0.00250448463962794,0.500982927895478,0.318453008697778,0.180564063406744,1.76365663626222,0.00037279914971129,1.5731769341546,0.126435881198267
16047:T>C,11,69,459,0.00267401774886205,0.00172143587449474,0.00110888482938708,0.485801840097437,0.312741647206781,0.201456512695783,1.55240276435763,0.00490845662663993,1.5533647163284,0.132840403397346
16052:A>G,11,69,467,0.00273149373687524,0.00258143477136002,0.00117774783898978,0.420833452594356,0.397714295593195,0.181452251812449,2.19183995580434,9.35280985832592e-07,1.05813006285499,0.407346449855232
16054:A>G,11,69,449,0.0124950177147338,0.00342818286435654,0.00600139206343499,0.569908774063069,0.156362442862777,0.273728783074154,0.571231279030012,0.997524171629949,3.64479323569546,0.000426590827477077
16073:C>T,11,68,447,0.0226113333157554,0.012196540996137,0.00459133839696873,0.573903176259914,0.309563063766346,0.116533759973739,2.65642388811711,1.05869220322396e-09,1.85391360738401,0.0615929564189706
16086:C>A,11,68,425,0.00788249988520963,0.00172096229096492,0.00148534575450022,0.710851872851401,0.155198133264105,0.133949993884495,1.15862740089359,0.196342164856359,4.58028623090283,3.51721348179938e-05
16090:A>del,11,48,259,0.0198787048197538,0.00374938323921866,0.00383005151626857,0.723964009480031,0.136549063309426,0.139486927210543,0.978938069969224,0.517684988030358,5.30185994640986,2.02282613894281e-05
16091:A>C,10,40,193,0.0375861699783261,0.00464686258621628,0.00315532479747902,0.82810156971612,0.102380056390949,0.0695183738929321,1.47270499377083,0.0454082379441206,8.08850472355602,5.80523282342627e-07
16092:A>C,10,33,133,0.0226162900866512,0.00810947287787912,0.00427537491835839,0.646158709534636,0.23169169256762,0.122149597897745,1.89678637142609,0.00591349524213033,2.7888730164378,0.0128678838677256
16093:C>T,10,45,234,0.00729226786771137,0.00301080470130997,0.00243723055744517,0.572377893628176,0.236321276772086,0.191300829599737,1.23533848371984,0.161143661071939,2.42203284209653,0.0210651283538716
16093:C>del,10,45,234,0.012532194332111,0.00504415954962972,0.00422425628576169,0.574855209823092,0.231376989491281,0.193767800685628,1.19409410992217,0.201533152157603,2.48449602135028,0.0182202840955705
16094:C>G,10,38,178,0.0297272727016641,0.012756667774421,0.00450577460344245,0.632633601871225,0.271477870270781,0.0958885278579935,2.83118196029485,2.12842630065216e-06,2.33033212335214,0.0295881133797852
16095:C>G,10,36,152,0.0442734077427638,0.00912083122047791,0.00502215537083631,0.757893537378706,0.156134785867075,0.0859716767542183,1.81611888661244,0.00699094328014164,4.85409790758566,0.000197955374309635
16096:C>G,10,41,207,0.0175678737386621,0.0051272207392192,0.00242262005528905,0.699421665751557,0.204127677796808,0.0964506564516351,2.11639490394933,0.00033529565083888,3.42639309524587,0.00245877753823601
16096:C>T,10,41,207,0.0144093956803659,0.0114313759544029,0.00988249104472462,0.403361692061724,0.319998093594205,0.276640214344072,1.1567302113069,0.253214476428713,1.2605127972207,0.284023538780209
16099:A>C,10,31,133,0.187754624221346,0.0180036332512043,0.0105988485470138,0.867799665449252,0.0832125811923936,0.0489877533583548,1.69864048640234,0.0211708443650839,10.4287074504135,1.98976008681222e-07
16099:A>del,10,31,133,0.0337972507126148,0.00640495706606208,0.00575969568519562,0.735331832790183,0.139353607735079,0.125314559474738,1.11203046413112,0.330783608095212,5.27673337448212,0.000160962372050864
16105:T>G,10,34,174,0.739598487242341,0.0304357744045259,0.0163849838282443,0.940463361620196,0.0387017161388749,0.0208349222409295,1.85754070456028,0.0054241251277496,24.300301264303,1.19143109490541e-12
16108:T>G,10,35,173,0.362294620023979,0.0247387731493393,0.0151715924511575,0.900771081843924,0.0615078729343175,0.0377210452217582,1.63059831912714,0.0218347241280201,14.6448094995226,9.21763990866716e-10
16110:T>G,10,34,159,0.460200452642492,0.0222744667054607,0.0165998089978104,0.922107304787554,0.0446315259826756,0.0332611692297709,1.3418507832469,0.117196609550548,20.6604476204888,1.20611891801597e-11
16111:T>G,10,41,213,0.225712560498024,0.00581643756586745,0.00387766440941744,0.958819763750807,0.0247080414154673,0.0164721948337256,1.49998477221016,0.035325750597898,38.8059801110169,9.8671902019922e-18
16113:A>C,11,43,228,0.0649870200355033,0.00629264834324929,0.00276159915160503,0.877713499554259,0.0849883930021759,0.0372981074435651,2.27862481040814,5.42842564066306e-05,10.3274514148278,7.03452478847119e-09
16114:T>A,10,41,215,0.0239550912115853,0.00367544861733272,0.00345052077269294,0.770729529427438,0.118253642127715,0.111016828444847,1.06518663687518,0.375282914904007,6.5175965455258,6.27328269335128e-06
16118:A>C,10,39,208,0.212474973344293,0.00945907783445814,0.00446052151647564,0.938516196809751,0.0417813807188389,0.0197024224714097,2.12062150121226,0.000400982343010919,22.4625462505738,3.47091096936868e-13
16119:A>C,10,41,221,0.0426878840387773,0.00534307895308966,0.00271972774230273,0.841129123983256,0.10528091097472,0.0535899650420241,1.9645639046818,0.00106567267213437,7.98937923499949,5.75660670972416e-07
16120:A>C,10,38,194,0.0473367435498291,0.00487603930668095,0.00458165217935851,0.833475031839538,0.0858541739802761,0.0806707941801862,1.06425348668952,0.379970268339671,9.70803157492399,8.76074500815931e-08
16124:C>G,11,64,364,0.0171715579578009,0.00450334733480792,0.00205211454470585,0.72371322127846,0.189798270734602,0.0864885079869388,2.19449121221127,3.1881402316808e-06,3.81306541138323,0.000311649520883176
16125:A>C,11,55,290,0.0318253265076432,0.00565902129111449,0.00280511532575884,0.789916867576158,0.140459089107865,0.069624043315978,2.01739345229366,0.000116194378443911,5.6238216593413,5.77563636131525e-06
16125:A>G,11,55,290,0.219810675701048,0.0185585952742604,0.00769266688418275,0.893314413489528,0.0754224543450433,0.0312631321654286,2.41250473388098,1.37580402707072e-06,11.844144044992,6.00062251986742e-11
16133:T>A,10,34,170,0.133381670881102,0.0276614697224899,0.0225476953113676,0.72651595171605,0.150669120191287,0.122814928092663,1.22679809800978,0.199507362905126,4.82193000658447,0.000251668393401178
16133:T>G,10,34,170,0.0663305227214018,0.00762043366533168,0.00343808170139955,0.857104886687731,0.0984691611834391,0.0444259521288294,2.21647835251548,0.000476965644501211,8.70429763376396,7.37528220935476e-07
16140:T>A,10,35,170,0.0368677460483163,0.0169050171639191,0.0121732868634436,0.55905920075588,0.256346166973141,0.18459463227098,1.38869783925695,0.0886163016448509,2.18087599029502,0.0433977597257089
