posmut,df_astro,df_neuron,ms_astro,ms_neuron,fstat_astro_to_neuron,fstat_neuron_to_astro,pval,padj
1244:G>A,335,336,0.00045433464491791,0.00541438348570207,0.083912535216186,11.9171706280078,2.79802613978154e-93,4.50482208504828e-91
1228:G>A,332,337,0.0027517601180866,0.000295867073020061,9.30066360544289,0.107519209641642,5.37609594569829e-78,8.60175351311727e-76
8932:C>T,626,722,0.000769721333425249,0.000239214481912402,3.21770374131075,0.310780631281065,3.45719877702565e-48,5.49694605547078e-46
16073:C>T,228,219,0.00106565594471182,0.00826191190890742,0.128984181441453,7.75288867847649,1.57516189171756e-45,2.48875578891374e-43
1270:G>A,326,322,0.000706864761111013,0.00341835957230026,0.206784788481264,4.83594565801733,1.10357008755493e-41,1.73260503746124e-39
3021:A>G,334,343,0.000873429045243871,0.00335832184558844,0.260079017260131,3.84498530690694,6.66612732581988e-33,1.0399158628279e-30
2682:G>A,290,276,0.0016650996258892,0.000397058202571492,4.1935908013118,0.238459126648025,6.52942135654269e-31,1.01206031026412e-28
8927:A>G,627,721,0.000695911429257221,0.00166585564097992,0.417750141211432,2.39377537276254,1.68568379277382e-28,2.59595304087168e-26
8961:A>G,622,719,0.00053304429255557,0.00126881511164178,0.420111872616207,2.38031835133008,5.2461356981127e-28,8.02658761811244e-26
8982:C>T,617,705,0.000504884444030549,0.0011924024245025,0.423417827451331,2.36173334037274,3.0612721439349e-27,4.65313365878105e-25
3869:C>T,357,386,0.00557502659209239,0.00178076389345437,3.13069386266464,0.319418008871958,1.2870214527829e-26,1.94340239370218e-24
9457:T>C,484,548,0.00151291776345504,0.00382086792262671,0.395961806084875,2.5254961075353,8.84496980963024e-25,1.32674547144454e-22
2679:A>G,277,265,0.000955922085360362,0.00347591694695759,0.275012924631892,3.63619274017217,1.00084627268758e-24,1.49126094630449e-22
9461:T>C,479,541,0.0231951067308953,0.00986002019671681,2.35244008309626,0.425090529270275,2.8372459657955e-21,4.19912402937734e-19
15266:C>T,135,87,0.00062011643661081,0.00480641073785212,0.129018610858032,7.75081977204334,1.60653655743781e-20,2.36160873943358e-18
13749:A>G,572,671,0.000825706609647964,0.00038754695962,2.13059756798915,0.469351892175393,2.19694580599106e-20,3.20754087674695e-18
13755:G>A,571,668,0.000448764023520596,0.000943804149012446,0.475484266508218,2.10311901031686,1.02531249501441e-19,1.48670311777089e-17
2659:C>T,284,270,0.000793623380991068,0.000270424152943289,2.93473557133597,0.340746202065754,2.34238946461006e-18,3.37304082903849e-16
9027:G>A,541,597,0.125115550916614,0.0610165798194611,2.05051727394116,0.487681821903392,2.87568274235579e-17,4.11222632156878e-15
2717:C>T,281,268,0.000921792895442184,0.000326986577749741,2.81905423086717,0.354728897745393,4.85994987376579e-17,6.90112882074742e-15
9009:T>C,620,708,0.00055677145819197,0.00102160162458401,0.544998602971761,1.83486708873603,1.06113835596497e-14,1.4962050819106e-12
9459:A>G,480,544,0.000713922982211574,0.00140340774754652,0.508706741472446,1.96576911307586,4.44252087886029e-14,6.21952923040441e-12
2692:C>T,283,273,0.000503856184207812,0.00126638946715898,0.397868268233598,2.51339470835326,4.55307906516922e-14,6.32877990058522e-12
3069:G>A,319,325,0.00164820295381964,0.000708097582964595,2.32764945605252,0.429617955315277,8.30189838121811e-14,1.1456619766081e-11
2710:T>C,287,278,0.00209734204227978,0.000854693013709878,2.45391270156295,0.40751245933202,1.22235832766775e-13,1.67463090890481e-11
9418:A>G,481,551,0.00135537203832894,0.000716371328038569,1.89199649020007,0.528542206700528,8.48109468455382e-13,1.15342887709932e-10
7653:T>C,199,180,0.00117019924769843,0.00339073405081249,0.345116788920095,2.89756984332493,1.00784306905688e-12,1.36058814322679e-10
16096:C>T,107,100,0.00380372143260933,0.016386774529688,0.232121423634536,4.30809006916334,1.21751411197493e-12,1.63146891004641e-10
8990:A>G,627,720,0.00129281631284185,0.000748478740033238,1.72725856286104,0.578952116088281,2.18109383491242e-12,2.90085480043351e-10
2994:G>A,333,350,0.000679251146869251,0.00144120651692771,0.471307296276487,2.12175794412774,6.7610724603085e-12,8.92461564760722e-10
1265:A>G,310,302,0.00246600291946203,0.00111694129720477,2.20781783754741,0.45293591844102,8.30410016239219e-12,1.08783712127338e-09
9373:T>G,487,556,0.000451972141453881,0.000816124376036523,0.553803016703001,1.80569619492754,2.46476490522644e-11,3.20419437679437e-09
9419:C>T,484,550,0.00153802186127108,0.000852650243255651,1.80381331435325,0.554381094785604,3.21242376989923e-11,4.14402666317e-09
8975:A>G,621,712,0.00105778341410847,0.00063197952954007,1.67376214681872,0.597456455745923,4.40254820678211e-11,5.6352617046811e-09
9383:A>G,492,558,0.00120117097016938,0.000682904115801738,1.75891599182879,0.568531984839294,1.48423775325986e-10,1.88498194664002e-08
13757:A>G,561,661,0.00146951141578094,0.000881786191246752,1.66651670253897,0.600053991944083,4.12837576594677e-10,5.20175346509293e-08
3008:A>G,333,347,0.00135504708974961,0.000706464818191249,1.91806733308945,0.521358131046051,2.73255130705456e-09,3.4156891338182e-07
9404:A>G,488,551,0.000848423673151056,0.00141552962716783,0.599368361401639,1.66842306734622,7.20289393763729e-09,8.93158848267024e-07
2691:C>T,287,273,0.000925787544656897,0.00182445712577957,0.507431789750234,1.97070822167491,1.96135253733116e-08,2.41246362091733e-06
13801:A>G,535,640,0.00125082713941183,0.000785841574366229,1.59170395180556,0.628257534239106,2.41779338955697e-08,2.9497079352595e-06
6484:T>C,368,395,0.000844024336803101,0.000477862785956788,1.76624830726916,0.566171809413437,3.57385836787638e-08,4.32436862513042e-06
3791:A>G,331,365,0.0014825442466528,0.00262383583983408,0.565029345260621,1.76981958262495,1.30861052456324e-07,1.57033262947589e-05
1233:A>G,327,327,0.00745190218256293,0.0041778469588338,1.78367045418127,0.560641680000812,2.07664161709365e-07,2.47120352434144e-05
13786:C>T,537,617,0.00116621524585134,0.000766567605874555,1.52134689349524,0.657312283132571,5.57198342333981e-07,6.57494043954098e-05
15197:C>T,133,97,0.000546123044844914,0.00142189124757303,0.384082148179104,2.60360968282672,8.15044496270391e-07,9.53602060636358e-05
8960:A>G,623,720,0.000915452904183356,0.00133259979242685,0.686967617274043,1.45567269090223,1.33145108362576e-06,0.000154448325700589
16099:A>C,69,64,0.00501980720905099,0.016613752489505,0.30214770637892,3.30963955339748,2.33829392883782e-06,0.000268903801816349
9416:T>C,490,560,0.000783304188287977,0.00117994736205792,0.663846721875653,1.50637182808491,3.10422229560822e-06,0.000353881341699337
13760:C>T,570,667,0.00293886398796608,0.00201564525782634,1.45802639455285,0.685858639964252,3.19810279610257e-06,0.000361385615959591
1329:A>G,291,275,0.00239803360786776,0.00137268346693174,1.74696764814099,0.572420445830314,3.2193707939383e-06,0.000361385615959591
2687:A>G,285,275,0.00139245802816956,0.000804666841007824,1.730477704817,0.577875113453572,5.23719432872563e-06,0.000581328570488545
13785:C>T,553,646,0.000577368947050263,0.000833118919157215,0.693021048704945,1.44295761560015,8.18219398872751e-06,0.000900041338760026
3088:T>C,319,332,0.000981285366002634,0.00159179127478233,0.616466104286708,1.62214920341333,1.43430215517311e-05,0.00156338934913869
1302:T>C,326,316,0.00181007493006988,0.00292618101354861,0.618579275065006,1.61660766907348,1.88079635603554e-05,0.00203126006451838
9451:A>G,483,549,0.00118919277336304,0.00170916842622488,0.695772724979283,1.43725093568417,4.17254599115412e-05,0.00446462421053491
13789:C>A,551,649,0.000960639907101693,0.00134322925505192,0.715171965983246,1.39826509925506,4.50213225875345e-05,0.00477226019427865
13763:A>G,573,673,0.00124546390015368,0.00172448328279213,0.722224397639352,1.38461121400576,5.41426837677521e-05,0.00568498179561397
3051:G>T,329,340,0.00146315816279282,0.000963466709379952,1.5186390443469,0.658484321025776,0.000142591151450908,0.0148294797508944
2726:A>G,276,267,0.00103873915237407,0.000653706822389821,1.58899848800207,0.629327219346413,0.000147971971936536,0.0152411131094632
13787:C>T,542,637,0.000844812870242836,0.00115208740834084,0.733288866909394,1.36371905414945,0.000180996926779704,0.0184616865315299
16045:G>A,235,230,0.00191349464600181,0.00310832224181121,0.615603691362072,1.62442170836796,0.000236255632309421,0.0238618188632516
16110:T>G,86,73,0.0223994902466239,0.00976730780057804,2.29331262042323,0.436050449944958,0.000291663706804776,0.0291663706804776
13741:A>G,570,667,0.00138639130929003,0.00103919934189778,1.33409563824223,0.749571448503927,0.000363289528828169,0.0359656633539888
1253:A>G,329,329,0.00193578240827742,0.00286189016794611,0.67639996459636,1.47841521635316,0.000412567761263848,0.0404316406038572
13766:A>del,560,659,0.00210748912686275,0.00280695331274514,0.750810181734612,1.33189456446858,0.00043425052270094,0.0421223007019912
13788:C>T,548,641,0.000931848270361204,0.000699302969832255,1.33253870004975,0.750447247770487,0.000498701741761892,0.0478753672091416
16054:A>G,228,221,0.00734781967593617,0.00461231742248356,1.59308629543099,0.627712386245505,0.000522802702248283,0.0496662567135869
12874:T>C,419,479,0.00114394689115091,0.000828405190580691,1.38090261161816,0.7241640298067,0.000668517787394631,0.0628406720150953
12811:G>A,422,478,0.000815108389373328,0.00112368863223956,0.725386344568407,1.37857571690984,0.000700732693305518,0.0651681404774131
7572:A>G,198,183,0.00232802740621996,0.00378555090848408,0.614977175713698,1.62607660819196,0.000863315750586242,0.0794250490539343
13746:A>G,567,669,0.000487613750514388,0.000635367594243845,0.767451401254891,1.3030141040395,0.00106654423871557,0.0970555257231168
13779:T>A,567,664,0.00327586042501206,0.00251706679936,1.30145947093855,0.76836814540129,0.00114575784443269,0.103118205998942
9475:T>C,473,536,0.00170163011176559,0.00226541232943767,0.75113483300763,1.33131890049072,0.00137244970098565,0.122148023387723
16105:T>G,96,78,0.0210957151040603,0.0105871607195478,1.99257531484431,0.501863087708749,0.00160041009603819,0.140836088451361
16108:T>G,94,79,0.0196080479149004,0.00989277202594433,1.98205799784704,0.504526104224108,0.00175548557925364,0.152727245395067
3016:T>C,328,344,0.00141711835136368,0.00100876470928821,1.40480563833721,0.711842245439478,0.00190562672337702,0.163883898210424
9426:T>C,486,556,0.000836892954655632,0.00109979350678525,0.760954624202057,1.31413880433227,0.00190768220039423,0.163883898210424
9463:A>G,460,515,0.00121098029718688,0.000914515784724281,1.32417648488373,0.755186345185557,0.00201404509736744,0.169179788178865
2642:A>G,294,283,0.00108673056207385,0.00156445563626778,0.694638145614913,1.43959845325622,0.0020515072337649,0.170275100402487
1288:A>G,318,313,0.000830917700345114,0.00116452762414301,0.713523391904593,1.40149574820627,0.00280610298071005,0.230100444418224
13785:C>A,553,646,0.00360199548124376,0.00281896614804755,1.27777181139211,0.782612349939475,0.00282053337410983,0.230100444418224
9447:C>A,470,536,0.00101973142022263,0.00132454025752606,0.769875747021278,1.29891090071235,0.00349276971113119,0.279421576890495
8972:A>G,618,711,0.000738961827863631,0.000921980153070389,0.801494289657681,1.24766952541496,0.00449734335181757,0.355290124793588
16124:C>G,193,171,0.00244923588715327,0.00160390156755758,1.52704875205214,0.654857939968282,0.00457270323656726,0.356670852452247
12866:C>T,417,474,0.000611701975845111,0.000784804135108329,0.779432661578262,1.28298446972329,0.00880625068890424,0.678081303045626
16093:C>T,123,111,0.00297133559791116,0.0018453844315234,1.61014450276806,0.621062270051453,0.0106153235681115,0.806764591176474
16090:A>del,131,128,0.00299537393974659,0.00468429184849028,0.63945075085618,1.56384209207835,0.0114488355050078,0.858662662875586
9393:T>C,491,561,0.000797845920273043,0.000641280453631962,1.24414507841983,0.803764783822546,0.0125689664123079,0.930103514510787
13778:A>T,571,666,0.00308432338809298,0.00253456378718532,1.21690501682666,0.821756822572494,0.0150616670657542,1
9480:T>C,469,532,0.00113740860172052,0.000921817312645933,1.23387637237552,0.810453966368405,0.019138649070487,1
13727:A>G,572,676,0.000815591111803767,0.000978547668438071,0.833471008219344,1.19980178091189,0.0235311988749951,1
3028:A>G,315,324,0.00195614784227519,0.00251867028046113,0.776658960662785,1.28756642316548,0.0241993780812498,1
2708:A>G,273,262,0.00188857765797776,0.00248117747270473,0.761161859139011,1.31378101515905,0.0260296057447484,1
9016:T>C,621,710,0.000871511796304796,0.00101921569790122,0.855080821556639,1.16948009450094,0.0441061233950289,1
13786:C>A,537,617,0.00173767448450843,0.00204296498075916,0.850564988080565,1.17568911724977,0.0527030304722106,1
13786:C>G,537,617,0.00431342991328981,0.00368709286401232,1.16987287068108,0.854793734483147,0.0603746859861343,1
8914:A>G,630,725,0.000931148396678579,0.000809144854334444,1.15078084188583,0.868975189369037,0.0684820482817018,1
2662:A>G,286,277,0.00153164391967789,0.00123844777723444,1.23674485741997,0.808574213185851,0.0752342614714357,1
9468:T>C,479,543,0.00283380959906741,0.00242453840280319,1.16880375901286,0.85557561933628,0.0787860422441309,1
1328:A>G,312,298,0.00133370143793162,0.001091386832771,1.22202449020334,0.818314205661791,0.080548889672787,1
2631:A>G,293,284,0.00178156236228661,0.00216187954604957,0.824080308055125,1.21347396634201,0.100939075685314,1
16052:A>G,238,229,0.00130083399223438,0.00104982423867444,1.2390969310033,0.80703936470111,0.10218722539908,1
9409:A>G,491,554,0.000779505925118945,0.000676504837561865,1.15225476868473,0.867863624588404,0.106236959210363,1
12846:A>G,421,476,0.000970716858114275,0.00112209684791859,0.865091867885454,1.15594659610465,0.125986614047065,1
6518:C>A,347,361,0.0016716285539728,0.00142415485701436,1.1737688115443,0.851956526843067,0.132299592141523,1
13780:A>G,572,668,0.000494498447231689,0.000439348177050421,1.12552748153303,0.888472308679609,0.142436898841423,1
16094:C>G,88,90,0.00520862353433039,0.00381854453768539,1.36403372618186,0.733119702838399,0.145043698909193,1
16133:T>A,91,79,0.01926334756679,0.0263309313209444,0.731586259976585,1.36689281183603,0.152722642330637,1
16125:A>C,161,129,0.00309531167288732,0.00244293228786982,1.2670476739191,0.789236285724676,0.157890471388189,1
16118:A>C,113,95,0.0050013465422708,0.00381722438052982,1.31020501906588,0.763239329302035,0.171599693591458,1
16093:C>del,123,111,0.00371913678468969,0.00478398330046309,0.777414248985709,1.28631550206945,0.175345863234039,1
2992:T>C,333,350,0.00113938167711325,0.000986629392805296,1.15482235317724,0.865934052323041,0.184149448114585,1
16099:A>del,69,64,0.00485944468627282,0.00673027879340926,0.722027249603911,1.38498927921152,0.187121052387983,1
16120:A>C,106,88,0.00511590915435107,0.00393811536857201,1.29907549057054,0.769778205545861,0.201335198573035,1
16096:C>G,107,100,0.00270600413943521,0.00211939908525267,1.27677895034696,0.783220932431766,0.215845410926835,1
16140:T>A,92,78,0.0106717488166085,0.0139443317391978,0.765310881597144,1.30665854105338,0.221204755158514,1
13767:A>G,565,665,0.000563400700568286,0.000620836093748681,0.907487026352491,1.10194412808231,0.230532030954174,1
13747:A>G,574,673,0.00238730038503373,0.00218580050312407,1.09218585210392,0.915595086746145,0.272710389831258,1
8936:T>C,626,719,0.000814915919867901,0.000886902050823013,0.918834181420247,1.08833565426821,0.273783216134766,1
13784:A>G,547,648,0.00112933477852579,0.00103373170290772,1.09248345131446,0.91534567301392,0.281672173804423,1
3054:A>G,331,345,0.000813330967629854,0.000726775398646489,1.11909534795008,0.893578908921175,0.301569184136228,1
13744:A>G,567,668,0.00235247862727282,0.00216693921853951,1.0856228024976,0.921130246803389,0.309265586265648,1
8986:T>C,621,715,0.000750397758820983,0.000693808625461797,1.0815630294615,0.924587816669258,0.312388402163274,1
13728:T>C,573,675,0.000744969415125455,0.000806791495363221,0.923372915315706,1.08298606490758,0.32126374614497,1
9446:C>A,472,533,0.00126978687658677,0.00137780228877195,0.921603111661649,1.085065780862,0.36135922253995,1
1229:A>G,332,335,0.00143904539740696,0.00158918933063209,0.905521683080133,1.10433578641485,0.365294399328359,1
16047:T>C,231,228,0.00104645105620804,0.00117214009958164,0.892769607132746,1.120109815579,0.390902423187701,1
6476:G>A,370,394,0.000975695817399258,0.0010649515342432,0.916188001074277,1.09147904013963,0.392940709311577,1
16086:C>A,219,206,0.00156791526946214,0.00139756554199216,1.1218903316886,0.891352721165594,0.402761212445772,1
9390:T>G,489,558,0.00160862116677853,0.00150147237923242,1.07136247661172,0.933390912814671,0.431629259663952,1
12822:A>G,422,473,0.000777961413327559,0.000722935131227657,1.07611510317179,0.929268622894111,0.438855980079743,1
16092:A>C,70,63,0.00465155004245167,0.00385740255825474,1.20587622686605,0.829272505519823,0.447954110240792,1
9423:C>T,474,541,0.000824635515761373,0.000880611523177673,0.936435072738645,1.06787969514582,0.460690196024851,1
9420:T>C,486,551,0.00112704120641908,0.00105926475223423,1.06398443263772,0.939863375182003,0.481222156026887,1
9428:A>G,477,543,0.00115751373424303,0.00109190486697511,1.06008661491698,0.943319145745757,0.51110391677919,1
2689:A>G,275,264,0.00128289030593742,0.00138968140806724,0.923154255709339,1.08324258249951,0.512153321760649,1
12838:T>C,424,483,0.000873444436878949,0.000926999771971197,0.942227240273893,1.06131510240493,0.527454282283826,1
9391:A>G,489,557,0.000777713555979541,0.000821540393861336,0.946652850901458,1.05635344471602,0.531832568757643,1
13796:A>del,561,655,0.00144638090470671,0.00152047030116108,0.951272052865624,1.051223986858,0.539374258896157,1
6432:G>C,377,405,0.00504258805103148,0.00475030309229211,1.06152974937823,0.942036716903816,0.555489377078898,1
16133:T>G,91,79,0.00363407600378584,0.00321231611257483,1.13129464113448,0.883943018590796,0.57180228399199,1
16111:T>G,113,100,0.00407600606761555,0.00365353833565356,1.11563248915148,0.896352526234306,0.574056066047998,1
1224:A>G,332,331,0.00177287461183225,0.00188355764317805,0.941237247637907,1.06243139283912,0.58173349616438,1
16091:A>C,101,92,0.00299209513673425,0.0033345225772097,0.897308405462352,1.1144440349745,0.596025373538709,1
1275:T>C,322,318,0.00144755642214058,0.00152474959058886,0.949373215821972,1.05332653516478,0.642442679756055,1
16125:A>G,161,129,0.00743596166791418,0.00801305091378925,0.927981332942489,1.07760788337105,0.655284453497507,1
7656:C>T,192,170,0.00121020186076122,0.0012877277299306,0.939796381356516,1.06406027926665,0.677192157076842,1
3078:A>G,322,335,0.0013563634390032,0.00129964703237531,1.04363985391036,0.958184948814628,0.698974197367863,1
6430:A>C,363,386,0.00501254607865603,0.00520165721247031,0.963644060711862,1.03772756017536,0.720406492667629,1
9453:A>G,485,547,0.00137666585451345,0.00133395008987398,1.03202201114098,0.968971581230539,0.720964278193151,1
13822:T>C,554,649,0.000714415842649163,0.000693961623332379,1.02947456837536,0.971369308887473,0.722628919360429,1
12831:A>T,425,482,0.00917791784335107,0.00942974415364847,0.9732944705398,1.02743828334439,0.773739645103198,1
8994:C>A,615,706,0.00101970083106041,0.00100164233286137,1.01802888876258,0.982290395722963,0.818888246229136,1
16095:C>G,76,76,0.00514039745847103,0.00490391328320158,1.0482235638382,0.953994963000431,0.837879200918907,1
16114:T>A,111,104,0.00338565604329284,0.00351975139734112,0.961902038266231,1.03960690404861,0.840867900222164,1
16119:A>C,118,103,0.00276222707469213,0.00267103918674983,1.03413947964322,0.966987548280236,0.8605852926512,1
8912:T>C,631,725,0.000825546255954386,0.000817305992814955,1.01008222527655,0.990018411348853,0.896374512113055,1
15219:T>C,132,93,0.00135957313471753,0.00132995985182877,1.02226629837588,0.978218690754789,0.908639647407193,1
13788:C>A,548,641,0.00117301784362894,0.00117709770019902,0.996533969466261,1.00347808568492,0.966354534962358,1
13803:C>A,545,637,0.00162040131150318,0.00161504457195579,1.00331677505402,0.996694189575528,0.968005204911997,1
16113:A>C,123,105,0.00277041153561678,0.00275127607319127,1.00695512261091,0.99309291699825,0.97064075498816,1
