posmut,Estimate,Std. Error,z value,Pr(>|z|),padj
9419:C>T,-2.2358132107427,1.06235412713079,-2.10458372932686,0.0353275591713162,1
1228:G>A,-2.63263360674893,1.26331785146147,-2.08390438218171,0.0371688656677717,1
9027:G>A,1.00480620703714,0.486506046797983,2.06535193889249,0.0388897125153542,1
16096:C>T,2.00156835791017,1.07725554256986,1.85802558335908,0.0631653813579434,1
13786:C>A,2.07260761209443,1.11569024780751,1.85769089240262,0.0632129226020276,1
3051:G>T,-1.90152486577906,1.14668389458248,-1.65828165439737,0.097260630144031,1
9457:T>C,1.48386746397567,0.95339107639,1.5564100616447,0.119610614133801,1
16073:C>T,1.28796242116244,0.86790833093601,1.48398439703121,0.137813060001711,1
13778:A>T,-0.758162920649483,0.529813863759538,-1.43099864407018,0.15243060374218,1
8990:A>G,-1.54152507129072,1.11928984754695,-1.37723492683254,0.168439626667431,1
16093:C>del,-0.71841666453377,0.547885345321715,-1.3112536604021,0.189772078571239,1
3069:G>A,-1.45243416360802,1.12053436494458,-1.29619778656217,0.19490735193961,1
15266:C>T,1.43748260797311,1.16091845433894,1.23822875121032,0.215631253660943,1
16086:C>A,-1.38629436112281,1.12159466469936,-1.23600299177101,0.216457451595068,1
9428:A>G,-2.09446259878471,1.70852316611278,-1.22589066412837,0.22023982249136,1
9459:A>G,1.41262222896375,1.19119602607828,1.1858856124751,0.235667475728632,1
16099:A>del,-0.426699268356528,0.371068236947562,-1.14992129713551,0.25017628828975,1
13727:A>G,-1.41608567338526,1.26263699635608,-1.12153031906402,0.262062193325397,1
12811:G>A,1.33870793748878,1.19943393966877,1.11611643894158,0.264372296359221,1
13785:C>A,-0.496483029515408,0.454196649957546,-1.09310147831741,0.274349246999894,1
13787:C>T,1.21671921104752,1.11942424427548,1.08691518632868,0.277074294174499,1
8975:A>G,-1.25101928888095,1.1559131556586,-1.08227792265948,0.279129052891022,1
16090:A>del,1.5873386946965,1.53897038496786,1.03142900617263,0.302339684406051,1
3028:A>G,0.860566010036558,0.839994582659628,1.02448995243731,0.305603914181151,1
9418:A>G,-1.29889078204246,1.28944990299406,-1.00732163306731,0.313780237189133,1
13786:C>T,-0.850046144613381,0.867889890211931,-0.979440081282439,0.327362580991139,1
16105:T>G,0.817505296434703,0.843974335658458,0.968637625452077,0.332726023640362,1
16120:A>C,-0.413468291820291,0.428212398382446,-0.96556823992521,0.334260274109703,1
16108:T>G,0.411302381800902,0.42884695726243,0.959088958976122,0.337513932074192,1
2691:C>T,1.10797273142883,1.15734256404254,0.957342074725688,0.338394625164706,1
1328:A>G,-1.10150620451733,1.15718423806985,-0.951884901538763,0.341155357561728,1
1329:A>G,-1.09552109610168,1.15740241779714,-0.946534307563276,0.34387613230211,1
16045:G>A,1.19589996709044,1.33922957041565,0.892976076326687,0.371869984423956,1
16119:A>C,1.24628687989038,1.40686480196869,0.885861156058768,0.375692350010802,1
16092:A>C,-0.364531842167624,0.423190907340498,-0.861388644804514,0.38902402795,1
12866:C>T,89.2268073110063,106.471039402424,0.838038285451126,0.402009201614563,1
9391:A>G,0.957033515567961,1.15618381699583,0.827752042105787,0.40781093959881,1
8936:T>C,1.17754492013984,1.42839279119978,0.82438453021788,0.409721101971003,1
13796:A>del,0.934005239763308,1.15606068197382,0.807920599953821,0.419136291711629,1
13785:C>T,0.933385165481056,1.15604632687019,0.807394257294207,0.419439374448468,1
2708:A>G,0.699683154271026,0.86979354374668,0.804424405425114,0.421151911058764,1
16133:T>A,0.241845402031344,0.304060737465842,0.795385172209261,0.426389482550786,1
9426:T>C,0.980448017440898,1.24822612486332,0.785473078884851,0.432176248454151,1
16118:A>C,0.37159851607603,0.475907887396518,0.780820250971004,0.434908221668983,1
6432:G>C,0.248844254025802,0.348208342404227,0.714641850070683,0.47483037794152,1
13789:C>A,-0.870630247777979,1.22603561049471,-0.710118238267709,0.47763081727579,1
16140:T>A,0.194655163608222,0.274870634004551,0.708170097228355,0.478839633372488,1
13741:A>G,-0.86412855219625,1.22602332396975,-0.704822278093603,0.48092084265616,1
9480:T>C,-0.835059198994166,1.22623051540676,-0.680996915752961,0.495873442006613,1
9409:A>G,-0.831175313981989,1.22621361477353,-0.677838921349362,0.497873830109757,1
9468:T>C,-0.769542329576555,1.16062161985681,-0.663043248902681,0.50730285548274,1
9416:T>C,0.830184978791718,1.27107867242421,0.65313422119528,0.513669752125515,1
6476:G>A,-0.792284900837458,1.22666187317652,-0.64588695398658,0.518352569076762,1
6518:C>A,-0.773999263557977,1.22683104478731,-0.630893118369175,0.528110411729153,1
3078:A>G,-0.771459783991901,1.22696164782584,-0.62875623321961,0.529508657181842,1
7656:C>T,0.748206630813239,1.22848326145589,0.60904910493166,0.542491891004003,1
16110:T>G,0.411571253610955,0.685724970356412,0.600198726024279,0.548373802595486,1
7572:A>G,0.710691203634199,1.22833097949312,0.578582821323508,0.562870698808296,1
2710:T>C,-0.708603438792662,1.22726576990614,-0.577383852926051,0.563680179593112,1
2726:A>G,-0.705967868987047,1.22736853346412,-0.575188176769145,0.56516403806519,1
2662:A>G,-0.705569700555084,1.22727956764332,-0.574905440583478,0.565355250203939,1
2687:A>G,-0.702507623324711,1.2272697043022,-0.572415028955792,0.567040836495225,1
13766:A>del,0.235406645376287,0.412076454087288,0.571269343446695,0.567817079252135,1
16052:A>G,-0.69681690944211,1.22774489592332,-0.567558384283138,0.570334871847107,1
2679:A>G,0.696357456190893,1.22735006367042,0.567366619192913,0.570465124094562,1
2717:C>T,-0.693147180554874,1.22730593879379,-0.564771308151663,0.572229324909911,1
2642:A>G,0.690112276854183,1.22722872658105,0.562333868093827,0.5738885672069,1
2659:C>T,-0.689996145781155,1.2273343218977,-0.562190866392691,0.573985983715414,1
16125:A>G,-0.150453441506201,0.29090573971685,-0.517189663059392,0.605023767218111,1
3088:T>C,0.619644718559554,1.22696650813522,0.505021705524226,0.613543590887968,1
3054:A>G,0.616894749061858,1.22686362992709,0.502822590884463,0.615089009120197,1
2994:G>A,0.612268701834707,1.22688442285339,0.499043504367544,0.617748736319146,1
16113:A>C,1.08466794469983,2.22585314263393,0.487304361605954,0.626042657270799,1
16096:C>G,0.46392412803962,0.960725595098264,0.482889318663535,0.629174326350186,1
13784:A>G,-0.49766799646943,1.05466695529847,-0.471872181041827,0.637018025695838,1
2631:A>G,-0.434455862922422,0.945070734091869,-0.459707244389381,0.645726368940061,1
9390:T>G,0.346427726888613,0.757535257735163,0.457309047138404,0.647448927823007,1
13779:T>A,-0.21914704047138,0.48812695098568,-0.448955010635765,0.653464111312412,1
1302:T>C,0.399924927758082,0.915878744118562,0.436657068772754,0.662360068341202,1
3869:C>T,-0.489449761117513,1.13286344398055,-0.432046566352012,0.665707569062618,1
13763:A>G,-0.437105244406443,1.03003387054295,-0.424360069029611,0.67130323742302,1
13760:C>T,-0.183235963247417,0.443878016773293,-0.412807024279834,0.67974800463403,1
1253:A>G,0.372941916416547,0.915833486457553,0.407215855208666,0.683849457526208,1
13747:A>G,-0.240089442303866,0.610865918627511,-0.393031326486994,0.694296344180426,1
3021:A>G,-0.445347878895702,1.16633124543567,-0.381836532836218,0.702582618935538,1
12831:A>T,-0.118260889517318,0.316847694857605,-0.373242070043987,0.708968287424569,1
13746:A>G,36.4070225504682,97.9137677530487,0.371827408810286,0.710021355206223,1
16054:A>G,-0.780828357677754,2.10549005921145,-0.370853500001891,0.710746650896327,1
8986:T>C,0.471490194778036,1.2879923054172,0.366066002719879,0.714315825317941,1
9016:T>C,0.535120204563859,1.46235344528202,0.365930826292587,0.714416693246292,1
9451:A>G,0.567657760597299,1.59377632492311,0.356171535315461,0.721712107531178,1
9447:C>A,35.6989784021141,103.111750363615,0.346216394118269,0.729180095001015,1
9446:C>A,0.396544903987017,1.37246003851617,0.28893001825812,0.772634931670916,1
16114:T>A,-0.240760804617049,0.850684649442609,-0.283020041298267,0.777161474089831,1
8914:A>G,0.256634345411482,0.985703298468636,0.260356585810541,0.794588727918935,1
1233:A>G,-0.213792601034579,0.822209471992098,-0.260022060456917,0.794846756942583,1
9373:T>G,30.1929462361362,121.313388131651,0.248883875894806,0.803450608099167,1
13788:C>T,-0.528751374460199,2.19467696826135,-0.240924465015497,0.809613660205405,1
13755:G>A,31.8338431679031,142.693339358946,0.223092705734673,0.823463355287037,1
1265:A>G,0.383685059104684,1.76640152236355,0.217212821800159,0.828042492869498,1
2692:C>T,28.8962373540534,145.179321575875,0.199038244843645,0.842232828005816,1
9453:A>G,-0.210692791371411,1.06025536104109,-0.198718911606849,0.842482629726479,1
16125:A>C,-0.158431701949917,0.841396973291201,-0.188296020759615,0.850644604538734,1
16095:C>G,-0.0667147063763708,0.375471776112545,-0.17768234690528,0.858972449762852,1
15219:T>C,0.240054023439098,1.41909706750253,0.169159692410309,0.865671033621157,1
8982:C>T,18.6569670866791,110.582340666691,0.168715610233948,0.866020339611614,1
8961:A>G,19.0497030131108,124.638677897988,0.152839418183674,0.878524911691819,1
12874:T>C,-0.152579588120978,1.00200963962194,-0.152273573115073,0.878971167434824,1
15197:C>T,0.215595970672474,1.41900838594918,0.151934247046934,0.879238796608211,1
1288:A>G,28.6451000954939,190.563507603336,0.15031786754849,0.880513836886668,1
12838:T>C,-0.149169339885514,1.00201838710292,-0.148868864888597,0.881657109625766,1
8960:A>G,0.170587281413992,1.15737384060154,0.147391685754129,0.882822867659365,1
9423:C>T,-0.170233608633252,1.16998384306877,-0.145500820068372,0.884315468319636,1
8972:A>G,30.9141998453536,222.137077671165,0.139167221291695,0.889318010027209,1
12822:A>G,-0.134621866332161,1.00207818037195,-0.134342678015594,0.893131606919596,1
13803:C>A,26.6906305742479,200.823521107023,0.132905898806664,0.894267801721006,1
3016:T>C,0.152963063828282,1.17640986906265,0.130025315029158,0.896546398210911,1
13728:T>C,-0.175467520364197,1.415365336522,-0.123973306281032,0.901336410489592,1
13767:A>G,-0.174818395293441,1.41526698613692,-0.123523262399147,0.901692754616803,1
13749:A>G,-0.171590954450882,1.41527230984302,-0.121242359691128,0.903499073389113,1
13822:T>C,-0.170691869626502,1.41532832985938,-0.120602312569735,0.904006037049709,1
13788:C>A,-0.169418151955977,1.41530263634715,-0.119704540643858,0.904717203313347,1
13780:A>G,-0.167432944298153,1.41528540304525,-0.118303307543404,0.905827336764903,1
16111:T>G,0.0561668169395178,0.503909320134887,0.111462151413439,0.911249877329419,1
13744:A>G,0.108265488793671,1.00873507673931,0.107327970733044,0.914528795265051,1
8994:C>A,-0.15063882372297,1.4152366568577,-0.106440730596563,0.915232678270728,1
12846:A>G,-0.142227099590347,1.41564638435263,-0.100467956660933,0.919972820974636,1
9475:T>C,-0.0660234297607299,0.682180288686521,-0.0967829631780365,0.922898753826283,1
16091:A>C,-0.136727404578043,1.57422982004452,-0.086853522171354,0.930787943780311,1
9420:T>C,32.5852916937728,446.910379518258,0.0729123627177731,0.941875856103948,1
16124:C>G,0.0550597771319867,1.00460064055291,0.0548076269408735,0.95629172411758,1
9404:A>G,0.0678398095268938,1.42986809805558,0.0474448025095088,0.962158721964332,1
1244:G>A,-0.0371395469564599,1.41607988882826,-0.0262270139202324,0.979076269297768,1
1270:G>A,0.0277434075669241,1.09073330292303,0.0254355555960152,0.979707551010546,1
1275:T>C,-0.0248975516188042,1.41613193741795,-0.0175813785149145,0.985972812174387,1
16047:T>C,-0.0223057575162203,1.41682952538995,-0.0157434307490742,0.987439078555866,1
1224:A>G,0.0224888623408025,1.56572404335198,0.0143632349750837,0.988540190602809,1
1229:A>G,,,,,
2682:G>A,,,,,
2689:A>G,,,,,
2992:T>C,,,,,
3008:A>G,,,,,
3791:A>G,,,,,
6430:A>C,,,,,
6484:T>C,,,,,
7653:T>C,,,,,
8912:T>C,,,,,
8927:A>G,,,,,
8932:C>T,,,,,
9009:T>C,,,,,
9383:A>G,,,,,
9393:T>C,,,,,
9461:T>C,,,,,
9463:A>G,,,,,
13757:A>G,,,,,
13786:C>G,,,,,
13801:A>G,,,,,
16093:C>T,,,,,
16094:C>G,,,,,
16099:A>C,,,,,
16133:T>G,,,,,
