posmut,nmitoshassnv,ncellshassnv,nmicehassnv
1224:A>G,5,5,3
1224:A>T,3,2,1
1225:G>A,2,2,2
1226:A>G,1,1,1
1228:G>A,6,4,3
1228:G>T,1,1,1
1229:A>G,4,4,3
1230:A>G,1,1,1
1231:A>G,2,2,2
1232:G>A,1,1,1
1232:G>T,1,1,1
1233:A>G,14,7,6
1235:T>C,1,1,1
1235:T>G,1,1,1
1237:A>G,2,2,2
1237:A>T,1,1,1
1238:T>A,1,1,1
1241:A>G,1,1,1
1243:A>G,2,2,2
1244:G>A,3,3,3
1247:A>G,1,1,1
1248:G>A,2,2,1
1248:G>C,1,1,1
1248:G>T,2,2,1
1249:A>G,1,1,1
1251:C>T,2,2,2
1252:A>G,1,1,1
1253:A>G,5,5,5
1254:G>A,3,3,2
1255:C>T,1,1,1
1256:A>G,1,1,1
1257:A>G,1,1,1
1258:A>G,1,1,1
1259:G>T,2,2,2
1260:A>G,1,1,1
1261:T>C,1,1,1
1265:A>C,1,1,1
1265:A>G,4,4,3
1266:C>T,2,2,2
1267:C>A,1,1,1
1268:T>C,3,3,2
1269:T>C,2,2,2
1270:G>A,4,4,3
1271:T>C,2,2,2
1272:A>G,2,2,2
1273:C>T,2,2,2
1274:C>T,2,2,2
1275:T>C,3,3,3
1276:T>C,1,1,1
1277:T>C,2,2,1
1278:T>C,2,2,2
1279:G>T,1,1,1
1280:C>A,1,1,1
1280:C>T,2,2,2
1282:T>C,2,2,2
1283:A>G,1,1,1
1286:G>C,1,1,1
1287:A>G,1,1,1
1288:A>G,4,4,3
1290:T>A,1,1,1
1291:A>G,3,3,2
1292:A>G,1,1,1
1293:C>T,1,1,1
1294:T>C,3,3,2
1295:A>G,1,1,1
1296:G>A,1,1,1
1296:G>T,2,2,2
1297:A>G,1,1,1
1298:A>G,1,1,1
1299:A>G,1,1,1
1302:T>C,5,5,5
1303:T>C,1,1,1
1305:T>C,2,2,2
1306:A>C,1,1,1
1306:A>G,1,1,1
1307:A>G,1,1,1
1309:T>C,1,1,1
1311:A>G,3,1,1
1312:A>C,1,1,1
1314:G>A,1,1,1
1316:A>G,1,1,1
1319:A>G,2,2,2
1320:C>T,1,1,1
1321:A>C,1,1,1
1321:A>G,1,1,1
1323:C>G,1,1,1
1325:A>T,1,1,1
1326:G>T,1,1,1
1327:A>C,1,1,1
1328:A>G,4,4,4
1329:A>C,2,2,2
1329:A>G,4,4,4
1330:C>T,1,1,1
2615:T>C,1,1,1
2619:T>C,1,1,1
2620:T>C,1,1,1
2622:A>G,1,1,1
2624:G>A,1,1,1
2625:A>G,2,2,2
2626:A>G,1,1,1
2628:A>G,2,2,2
2628:A>del,1,1,1
2630:A>G,2,2,1
2631:A>G,5,5,4
2633:C>G,1,1,1
2633:C>T,2,2,1
2634:T>A,1,1,1
2634:T>C,1,1,1
2635:A>G,2,2,2
2636:A>G,2,2,2
2637:A>G,2,2,2
2640:A>G,1,1,1
2641:A>G,2,2,2
2642:A>G,3,3,3
2644:A>C,1,1,1
2644:A>G,1,1,1
2646:A>G,2,2,2
2647:T>C,1,1,1
2649:C>A,1,1,1
2649:C>T,3,3,2
2650:G>A,1,1,1
2652:A>G,2,2,2
2653:C>A,1,1,1
2653:C>T,2,2,2
2655:C>T,1,1,1
2656:C>A,1,1,1
2656:C>T,2,2,2
2657:C>A,5,4,2
2657:C>T,1,1,1
2659:C>A,1,1,1
2659:C>G,1,1,1
2659:C>T,3,3,3
2660:T>C,1,1,1
2661:A>G,1,1,1
2662:A>G,3,3,3
2663:C>A,1,1,1
2664:C>G,1,1,1
2665:T>C,1,1,1
2666:A>G,1,1,1
2667:G>T,1,1,1
2670:A>G,1,1,1
2671:A>G,2,2,2
2671:A>T,1,1,1
2672:G>A,2,2,2
2672:G>T,1,1,1
2673:G>A,2,2,2
2675:T>C,1,1,1
2676:A>G,2,2,2
2679:A>C,1,1,1
2679:A>G,3,3,3
2680:G>A,3,3,2
2680:G>T,1,1,1
2681:G>A,1,1,1
2682:G>A,3,3,3
2683:T>A,1,1,1
2684:G>A,1,1,1
2685:G>A,1,1,1
2686:C>T,1,1,1
2687:A>G,3,3,3
2688:G>A,1,1,1
2688:G>T,1,1,1
2689:A>C,2,2,2
2689:A>G,4,4,3
2691:C>T,4,4,4
2692:C>T,3,3,3
2693:A>G,1,1,1
2694:G>A,2,2,1
2695:G>A,1,1,1
2696:A>G,1,1,1
2697:A>G,1,1,1
2698:A>G,2,2,1
2702:C>T,2,2,2
2703:G>A,1,1,1
2704:T>A,1,1,1
2704:T>C,2,2,2
2706:A>G,1,1,1
2707:G>A,1,1,1
2707:G>T,2,2,2
2708:A>G,6,6,4
2709:C>T,2,2,2
2710:T>C,3,3,3
2712:A>G,1,1,1
2713:A>G,1,1,1
2715:A>G,2,2,2
2717:C>T,3,3,3
2718:T>C,1,1,1
2719:T>C,1,1,1
2719:T>G,1,1,1
2720:G>A,1,1,1
2721:T>C,2,2,1
2722:T>C,2,2,2
2723:C>A,1,1,1
2723:C>T,3,2,2
2724:C>A,1,1,1
2724:C>T,2,2,2
2725:C>A,1,1,1
2725:C>T,2,2,2
2726:A>G,4,4,4
2727:G>A,1,1,1
2992:T>C,3,3,3
2993:A>G,2,2,2
2994:G>A,3,3,3
2994:G>T,1,1,1
2998:T>C,1,1,1
3002:T>C,1,1,1
3003:C>T,3,2,2
3006:T>C,1,1,1
3006:T>G,1,1,1
3007:G>A,1,1,1
3007:G>T,1,1,1
3008:A>G,4,4,3
3009:G>A,1,1,1
3010:T>C,1,1,1
3011:T>C,1,1,1
3012:C>A,1,1,1
3013:C>T,2,2,2
3014:C>T,1,1,1
3015:C>A,2,2,2
3016:T>C,4,4,3
3017:A>G,1,1,1
3020:A>G,2,2,2
3021:A>G,6,6,4
3024:C>G,3,3,2
3024:C>T,1,1,1
3025:C>A,3,3,2
3026:A>G,1,1,1
3027:C>T,2,2,2
3028:A>G,7,7,6
3030:C>A,1,1,1
3030:C>T,2,2,2
3031:C>T,2,2,2
3033:T>C,2,2,1
3034:T>A,1,1,1
3034:T>C,1,1,1
3035:A>G,2,2,2
3035:A>T,3,3,2
3037:T>C,1,1,1
3041:T>C,1,1,1
3042:T>C,1,1,1
3045:A>G,2,2,2
3046:A>G,2,2,1
3047:C>T,2,2,2
3048:C>A,1,1,1
3048:C>T,1,1,1
3050:A>G,1,1,1
3051:G>T,7,4,4
3052:G>A,2,2,2
3052:G>T,2,2,2
3054:A>G,4,4,4
3057:T>C,1,1,1
3058:T>C,1,1,1
3061:T>C,1,1,1
3062:T>C,1,1,1
3065:T>C,2,2,2
3067:T>C,1,1,1
3068:A>G,1,1,1
3068:A>T,1,1,1
3069:G>A,5,4,4
3070:C>T,1,1,1
3072:A>G,2,2,2
3074:A>G,2,2,2
3075:T>C,2,2,2
3076:C>A,2,2,2
3076:C>T,1,1,1
3077:T>C,1,1,1
3078:A>G,3,3,3
3080:C>T,1,1,1
3081:C>A,2,2,2
3081:C>T,2,2,2
3084:T>C,3,3,2
3086:A>G,1,1,1
3088:T>C,4,4,4
3089:T>C,1,1,1
3091:A>G,1,1,1
3092:C>T,1,1,1
3094:C>T,1,1,1
3095:C>A,1,1,1
3095:C>T,2,2,2
3097:T>C,3,3,2
3098:T>C,1,1,1
3099:C>T,1,1,1
3100:T>C,1,1,1
3102:T>C,1,1,1
3103:G>A,1,1,1
3104:A>G,1,1,1
3104:A>T,2,2,2
3106:C>A,2,2,2
3106:C>T,1,1,1
3772:C>T,1,1,1
3775:G>C,1,1,1
3777:A>G,1,1,1
3778:C>T,1,1,1
3780:A>G,1,1,1
3781:T>C,1,1,1
3782:A>C,1,1,1
3782:A>G,1,1,1
3783:G>A,1,1,1
3783:G>T,1,1,1
3784:G>A,1,1,1
3788:T>C,1,1,1
3789:G>A,1,1,1
3791:A>G,6,4,4
3794:T>C,1,1,1
3799:T>C,1,1,1
3800:T>C,1,1,1
3802:A>G,1,1,1
3816:T>C,1,1,1
3818:C>T,2,2,2
3819:G>A,1,1,1
3821:G>A,1,1,1
3822:C>T,1,1,1
3824:A>G,3,3,2
3825:C>T,1,1,1
3828:A>G,1,1,1
3831:C>T,2,2,2
3834:C>A,1,1,1
3834:C>T,1,1,1
3835:T>C,1,1,1
3839:C>T,1,1,1
3840:C>A,1,1,1
3843:A>G,2,2,2
3844:T>C,1,1,1
3846:G>T,1,1,1
3849:A>C,1,1,1
3850:G>A,1,1,1
3851:G>A,1,1,1
3856:C>T,1,1,1
3858:A>G,1,1,1
3860:T>C,1,1,1
3861:T>C,2,1,1
3863:A>T,1,1,1
3869:C>T,7,5,4
3870:G>A,3,3,2
3870:G>T,2,2,1
3872:G>A,3,2,2
3872:G>T,1,1,1
6430:A>C,126,31,10
6430:A>del,1,1,1
6431:C>T,2,2,2
6432:G>C,115,29,9
6433:A>G,1,1,1
6434:T>G,1,1,1
6436:C>A,1,1,1
6436:C>T,2,1,1
6437:A>G,2,2,2
6438:T>C,1,1,1
6439:A>G,2,1,1
6443:T>C,4,3,2
6444:G>A,1,1,1
6446:A>G,3,2,2
6448:T>C,1,1,1
6449:A>G,1,1,1
6450:G>A,2,2,2
6451:C>T,2,2,2
6455:T>del,1,1,1
6456:T>C,1,1,1
6457:T>C,1,1,1
6458:C>T,1,1,1
6459:C>T,1,1,1
6460:A>G,1,1,1
6461:C>A,1,1,1
6461:C>T,1,1,1
6463:A>G,1,1,1
6464:T>C,1,1,1
6467:T>C,2,2,1
6468:C>T,1,1,1
6469:T>C,1,1,1
6471:T>C,2,2,2
6472:C>A,3,2,2
6476:G>A,3,3,3
6476:G>C,2,2,2
6477:G>A,1,1,1
6478:G>A,1,1,1
6480:G>A,1,1,1
6480:G>T,1,1,1
6481:C>T,2,2,2
6482:A>G,2,2,1
6484:T>C,3,3,3
6488:T>C,1,1,1
6489:G>A,2,2,2
6495:A>C,1,1,1
6495:A>G,3,2,2
6496:T>C,1,1,1
6499:C>A,1,1,1
6499:C>T,1,1,1
6500:A>G,3,3,2
6507:G>A,1,1,1
6508:T>C,1,1,1
6510:C>A,2,2,2
6510:C>T,2,2,2
6514:G>A,1,1,1
6516:T>C,1,1,1
6518:C>A,3,3,3
6518:C>T,1,1,1
6519:C>T,2,2,2
6521:A>G,1,1,1
6529:C>A,1,1,1
6531:G>A,1,1,1
6532:G>A,2,2,2
6533:C>A,1,1,1
6534:T>del,1,1,1
6535:T>C,1,1,1
6536:C>T,6,3,2
6537:A>C,1,1,1
6537:A>G,2,2,2
6539:C>A,1,1,1
6540:C>A,2,2,2
6541:T>C,1,1,1
6542:A>G,6,2,1
6545:T>A,1,1,1
6545:T>C,3,3,2
7560:C>A,1,1,1
7560:C>G,1,1,1
7561:A>C,1,1,1
7561:A>G,2,2,2
7561:A>del,1,1,1
7564:A>G,2,2,2
7566:C>T,1,1,1
7567:A>G,1,1,1
7571:A>G,1,1,1
7572:A>G,3,3,3
7573:C>T,1,1,1
7575:G>A,2,2,2
7575:G>C,1,1,1
7577:C>T,1,1,1
7578:C>T,1,1,1
7581:G>C,1,1,1
7582:G>A,1,1,1
7583:T>C,3,3,2
7584:T>C,1,1,1
7585:A>T,1,1,1
7586:T>C,1,1,1
7589:T>C,1,1,1
7589:T>G,1,1,1
7590:A>G,2,2,2
7591:T>C,1,1,1
7591:T>G,1,1,1
7593:G>A,2,2,2
7595:C>T,2,2,2
7596:A>G,1,1,1
7599:G>A,1,1,1
7600:C>A,1,1,1
7601:T>C,2,2,2
7602:C>T,1,1,1
7603:T>A,1,1,1
7603:T>C,1,1,1
7604:G>A,3,3,1
7606:A>G,1,1,1
7615:A>G,1,1,1
7617:C>A,1,1,1
7617:C>T,2,2,1
7620:A>G,2,2,2
7622:C>A,1,1,1
7623:A>G,1,1,1
7626:G>A,2,2,1
7626:G>T,1,1,1
7628:T>C,2,2,2
7629:T>C,1,1,1
7632:T>C,2,2,2
7633:G>T,1,1,1
7634:C>T,1,1,1
7635:C>A,2,2,2
7635:C>T,2,2,2
7636:C>A,2,2,1
7636:C>T,1,1,1
7637:A>G,1,1,1
7641:T>C,2,2,2
7645:A>G,2,2,1
7646:G>A,1,1,1
7646:G>T,1,1,1
7648:A>G,1,1,1
7649:A>G,1,1,1
7651:G>A,1,1,1
7653:T>C,4,4,3
7653:T>G,1,1,1
7654:T>C,1,1,1
7655:C>T,2,2,1
7656:C>T,3,3,3
7657:A>G,1,1,1
7658:C>T,1,1,1
7659:T>A,1,1,1
7659:T>C,1,1,1
7660:A>G,2,2,2
7660:A>T,3,3,2
7660:A>del,1,1,1
7665:A>G,1,1,1
7666:T>C,3,2,2
7669:C>A,1,1,1
7670:G>T,1,1,1
7672:A>G,2,2,2
7673:A>G,2,2,2
8908:T>C,1,1,1
8910:T>C,3,2,2
8911:A>G,2,1,1
8912:T>C,5,3,3
8913:C>A,1,1,1
8913:C>T,2,1,1
8914:A>G,5,4,3
8918:T>C,2,1,1
8919:A>G,1,1,1
8920:G>A,1,1,1
8923:T>A,2,1,1
8924:C>T,2,2,2
8926:T>C,3,2,2
8927:A>G,5,4,3
8928:C>T,2,2,1
8929:C>A,1,1,1
8929:C>T,2,2,2
8930:A>G,4,4,2
8931:A>G,2,1,1
8932:C>T,4,4,3
8934:C>A,1,1,1
8935:A>G,3,3,2
8936:T>C,6,5,3
8938:A>G,1,1,1
8940:C>A,1,1,1
8940:C>T,2,1,1
8941:T>C,2,1,1
8942:A>G,1,1,1
8943:G>C,1,1,1
8943:G>T,1,1,1
8944:G>A,2,1,1
8945:A>G,2,2,1
8949:T>C,3,2,2
8950:G>A,2,2,1
8952:T>C,2,2,1
8954:A>G,4,3,2
8955:C>T,1,1,1
8957:T>C,3,3,2
8958:C>T,1,1,1
8959:C>T,2,2,2
8960:A>C,1,1,1
8960:A>G,9,6,4
8961:A>G,5,4,3
8961:A>T,1,1,1
8962:C>T,2,2,2
8963:A>G,5,4,2
8964:G>A,1,1,1
8964:G>T,1,1,1
8966:A>G,2,2,1
8968:T>C,1,1,1
8970:T>C,2,1,1
8972:A>G,5,5,3
8973:C>T,2,2,2
8974:C>T,2,1,1
8975:A>G,6,4,4
8977:T>C,2,1,1
8978:T>C,2,1,1
8980:A>G,2,2,2
8981:C>A,1,1,1
8981:C>T,1,1,1
8982:C>A,1,1,1
8982:C>T,6,3,3
8983:C>T,3,3,2
8984:T>A,2,2,1
8986:T>C,4,4,3
8987:A>G,1,1,1
8988:G>A,1,1,1
8989:A>G,4,3,1
8990:A>G,6,6,5
8990:A>T,1,1,1
8992:T>C,3,3,2
8993:C>A,1,1,1
8993:C>T,1,1,1
8993:C>del,2,1,1
8994:C>A,3,3,3
8994:C>T,1,1,1
8996:A>G,2,2,2
9002:T>C,2,2,1
9004:A>C,1,1,1
9007:C>T,2,1,1
9008:T>C,5,3,2
9009:T>C,5,3,3
9010:C>T,2,2,2
9011:A>G,3,2,1
9012:G>A,2,1,1
9012:G>T,1,1,1
9013:T>C,1,1,1
9015:C>T,6,5,2
9016:T>C,4,3,3
9017:T>C,2,2,2
9019:T>C,2,2,2
9019:T>G,2,2,1
9020:A>G,2,2,1
9027:G>A,1308,100,13
9027:G>C,1,1,1
9027:G>T,2,2,2
9373:T>C,4,2,2
9373:T>G,3,3,3
9374:T>G,1,1,1
9376:A>C,1,1,1
9376:A>G,1,1,1
9377:T>G,1,1,1
9378:T>C,1,1,1
9381:T>C,2,2,2
9383:A>G,7,6,5
9384:G>A,1,1,1
9386:A>G,1,1,1
9387:T>C,4,3,2
9388:C>T,2,2,2
9390:T>C,2,2,2
9390:T>G,19,13,5
9391:A>G,4,3,3
9393:T>C,3,3,3
9393:T>G,1,1,1
9394:C>T,1,1,1
9395:C>A,1,1,1
9395:C>T,1,1,1
9396:C>A,6,3,2
9396:C>T,1,1,1
9397:T>C,1,1,1
9398:T>C,1,1,1
9399:A>G,1,1,1
9400:G>A,1,1,1
9401:T>C,1,1,1
9402:A>G,3,3,2
9404:A>G,4,4,3
9406:T>C,1,1,1
9409:A>G,3,3,3
9413:A>G,1,1,1
9414:A>G,1,1,1
9416:T>C,5,4,4
9417:G>A,2,2,2
9418:A>G,5,5,4
9419:C>A,2,1,1
9419:C>T,11,9,7
9420:T>C,3,3,3
9421:T>C,2,2,1
9422:C>A,1,1,1
9422:C>T,1,1,1
9423:C>T,4,4,3
9424:A>G,2,2,1
9424:A>T,1,1,1
9426:T>C,4,3,3
9428:A>G,6,4,3
9430:T>C,2,2,2
9431:A>G,2,2,2
9432:G>T,1,1,1
9433:A>G,1,1,1
9434:T>C,1,1,1
9435:T>C,3,2,2
9436:C>T,2,2,1
9437:T>C,2,2,2
9438:G>A,1,1,1
9438:G>T,1,1,1
9439:A>G,2,1,1
9440:A>G,4,4,2
9442:A>G,1,1,1
9443:A>G,4,4,2
9444:A>G,2,2,2
9445:C>T,1,1,1
9445:C>del,2,2,2
9446:C>A,4,4,4
9446:C>T,3,3,2
9447:C>A,3,3,3
9447:C>T,1,1,1
9448:A>G,3,3,2
9451:A>C,2,1,1
9451:A>G,9,8,4
9453:A>G,7,5,5
9454:G>A,1,1,1
9454:G>T,1,1,1
9455:A>G,3,2,2
9457:T>C,23,13,5
9459:A>G,6,6,3
9461:T>A,1,1,1
9461:T>C,1198,100,13
9463:A>C,1,1,1
9463:A>G,3,3,3
9464:C>G,1,1,1
9464:C>T,2,2,2
9465:C>A,1,1,1
9465:C>T,2,1,1
9466:T>A,1,1,1
9466:T>C,2,2,2
9467:G>A,2,2,2
9468:T>C,16,10,5
9469:A>G,3,3,2
9470:C>T,1,1,1
9471:A>G,2,2,2
9472:C>A,1,1,1
9473:T>C,1,1,1
9474:G>A,1,1,1
9474:G>C,1,1,1
9475:T>C,14,14,5
9476:T>C,2,2,2
9477:A>G,1,1,1
9478:T>C,2,2,2
9479:C>T,2,1,1
9480:T>C,3,3,3
9481:T>C,2,2,2
9485:T>C,1,1,1
12803:A>T,2,2,2
12805:A>C,1,1,1
12805:A>G,1,1,1
12808:T>C,1,1,1
12809:C>T,2,2,2
12810:C>T,1,1,1
12811:G>A,5,4,3
12811:G>T,4,2,2
12814:A>C,1,1,1
12814:A>G,2,2,2
12815:A>G,1,1,1
12816:A>G,1,1,1
12821:A>G,2,2,2
12822:A>G,4,4,4
12823:A>G,2,2,2
12826:T>C,1,1,1
12828:A>G,4,3,2
12829:C>T,1,1,1
12831:A>G,1,1,1
12831:A>T,107,52,13
12836:C>A,1,1,1
12837:A>G,1,1,1
12838:T>C,4,3,3
12839:A>G,1,1,1
12841:C>A,1,1,1
12842:A>T,1,1,1
12846:A>G,3,3,3
12847:C>T,2,2,1
12848:A>G,1,1,1
12852:T>C,3,2,2
12854:A>G,1,1,1
12855:T>C,1,1,1
12857:C>A,1,1,1
12858:C>A,2,2,2
12858:C>T,1,1,1
12859:T>C,1,1,1
12860:A>G,1,1,1
12861:G>A,2,2,1
12862:T>A,1,1,1
12864:A>G,1,1,1
12865:T>C,1,1,1
12866:C>T,3,3,3
12867:G>A,1,1,1
12868:G>T,1,1,1
12869:A>G,1,1,1
12870:A>G,1,1,1
12871:G>A,1,1,1
12874:T>C,4,4,3
12875:C>G,1,1,1
12875:C>T,1,1,1
12877:C>T,2,2,2
12879:C>A,1,1,1
12880:T>C,1,1,1
12881:C>T,1,1,1
12883:C>T,1,1,1
12884:A>G,2,2,2
12884:A>T,1,1,1
12885:G>A,1,1,1
12887:A>G,1,1,1
12889:T>C,1,1,1
12890:A>G,1,1,1
12891:C>T,1,1,1
12892:C>A,1,1,1
12900:A>G,1,1,1
12901:C>T,2,2,2
12902:A>G,1,1,1
12905:G>A,1,1,1
12906:T>C,3,3,1
12907:T>C,3,3,2
12915:A>C,1,1,1
12916:A>C,1,1,1
12917:A>G,1,1,1
12917:A>T,1,1,1
12919:A>G,1,1,1
13723:A>C,3,3,2
13723:A>G,2,2,2
13724:T>C,2,2,2
13726:A>G,2,2,2
13727:A>G,4,4,3
13728:T>C,3,3,3
13729:T>C,2,2,2
13732:T>C,3,2,2
13733:C>A,1,1,1
13733:C>T,1,1,1
13734:C>A,1,1,1
13734:C>T,1,1,1
13735:A>G,1,1,1
13736:A>G,3,2,2
13737:C>T,2,2,1
13738:T>C,4,3,1
13739:T>C,1,1,1
13740:C>T,3,3,1
13741:A>G,3,3,3
13742:T>C,2,2,2
13743:C>A,1,1,1
13743:C>T,2,1,1
13744:A>G,5,5,3
13744:A>T,1,1,1
13745:T>C,3,3,2
13746:A>G,3,3,3
13747:A>G,18,13,6
13747:A>T,3,3,2
13749:A>G,3,3,3
13750:A>G,1,1,1
13751:T>C,1,1,1
13752:T>C,2,2,2
13754:A>C,1,1,1
13755:G>A,5,3,3
13755:G>T,1,1,1
13756:C>T,1,1,1
13757:A>G,8,6,3
13758:C>T,1,1,1
13759:A>G,1,1,1
13760:C>T,45,25,5
13761:A>G,1,1,1
13762:A>G,4,4,2
13763:A>G,11,7,5
13764:T>C,3,3,1
13764:T>del,1,1,1
13765:T>G,1,1,1
13766:A>G,1,1,1
13766:A>del,29,22,9
13767:A>G,3,3,3
13767:A>T,1,1,1
13768:A>G,1,1,1
13769:A>C,1,1,1
13769:A>G,2,2,2
13770:A>G,1,1,1
13771:A>G,1,1,1
13772:A>C,1,1,1
13772:A>G,2,2,2
13773:C>T,1,1,1
13774:C>T,1,1,1
13778:A>G,1,1,1
13778:A>T,26,18,9
13779:T>A,28,21,10
13779:T>C,3,2,2
13780:A>G,3,3,3
13782:T>C,1,1,1
13783:C>A,1,1,1
13784:A>G,6,6,4
13785:C>A,34,25,11
13785:C>T,5,5,4
13785:C>del,2,2,2
13786:C>A,13,13,7
13786:C>G,44,29,10
13786:C>T,6,5,4
13787:C>T,6,5,5
13788:C>A,3,3,3
13788:C>G,2,1,1
13788:C>T,6,6,3
13789:C>A,4,4,4
13789:C>T,2,2,2
13790:A>G,1,1,1
13791:A>T,1,1,1
13793:A>G,1,1,1
13796:A>G,1,1,1
13796:A>del,5,5,4
13797:A>C,1,1,1
13797:A>G,1,1,1
13798:A>G,1,1,1
13801:A>G,4,3,3
13802:C>A,1,1,1
13802:C>T,1,1,1
13803:C>A,9,9,4
13804:C>A,2,2,2
13804:C>T,1,1,1
13805:A>del,3,2,2
13806:A>G,1,1,1
13807:A>G,2,2,2
13808:A>G,1,1,1
13809:T>C,1,1,1
13812:A>C,1,1,1
13812:A>G,2,2,1
13813:T>C,3,2,2
13813:T>G,1,1,1
13814:C>T,3,3,2
13815:A>G,3,2,2
13816:G>A,2,2,2
13817:T>C,2,2,2
13818:T>A,3,3,2
13818:T>C,1,1,1
13820:G>A,5,4,2
13820:G>T,1,1,1
13821:A>G,4,3,2
13822:T>C,4,4,3
13823:C>A,2,2,2
13824:C>A,2,2,2
13824:C>T,1,1,1
13825:C>T,2,2,2
13826:C>A,2,2,1
13826:C>T,2,2,1
13827:A>T,2,1,1
13828:A>G,1,1,1
13829:G>A,1,1,1
13830:T>C,2,2,2
13831:C>A,1,1,1
13831:C>T,1,1,1
13832:T>C,3,3,2
13833:C>A,2,2,1
13834:T>C,3,3,2
13835:G>A,1,1,1
13835:G>C,1,1,1
13835:G>T,2,2,2
13836:G>A,1,1,1
13836:G>T,1,1,1
13840:T>C,1,1,1
15175:A>G,1,1,1
15178:A>G,2,2,2
15189:A>G,2,2,2
15191:C>T,2,2,2
15197:C>T,3,3,3
15200:A>G,1,1,1
15201:C>T,1,1,1
15202:T>A,5,3,1
15206:C>T,1,1,1
15211:T>C,1,1,1
15213:T>C,1,1,1
15215:A>G,4,1,1
15219:T>C,3,3,3
15221:C>A,1,1,1
15222:T>G,1,1,1
15230:C>A,1,1,1
15230:C>T,1,1,1
15237:C>A,1,1,1
15238:T>C,2,2,2
15240:A>G,1,1,1
15241:T>C,1,1,1
15243:C>A,1,1,1
15243:C>G,1,1,1
15244:C>T,1,1,1
15246:A>G,1,1,1
15248:C>A,1,1,1
15253:G>T,1,1,1
15255:A>G,1,1,1
15260:C>T,1,1,1
15263:A>G,2,2,2
15264:G>A,1,1,1
15265:A>G,2,2,1
15266:C>T,4,3,3
15273:C>A,1,1,1
15275:A>G,1,1,1
15275:A>del,1,1,1
15283:A>G,1,1,1
15285:C>T,1,1,1
15286:C>T,1,1,1
15290:T>C,1,1,1
16028:T>C,2,2,2
16030:A>G,1,1,1
16030:A>T,1,1,1
16031:G>T,1,1,1
16033:C>T,1,1,1
16034:T>C,1,1,1
16043:A>G,2,2,2
16044:T>C,1,1,1
16045:G>A,4,3,3
16047:T>C,3,3,3
16049:G>A,1,1,1
16050:T>C,1,1,1
16051:T>A,1,1,1
16052:A>G,3,3,3
16053:G>T,1,1,1
16054:A>G,3,3,3
16056:A>G,1,1,1
16057:T>C,2,2,1
16059:A>G,2,2,2
16059:A>T,1,1,1
16060:A>G,1,1,1
16062:G>A,1,1,1
16063:C>T,1,1,1
16065:A>G,1,1,1
16067:T>C,1,1,1
16068:C>T,1,1,1
16069:A>G,1,1,1
16070:A>G,1,1,1
16070:A>T,1,1,1
16073:C>T,9,7,7
16074:C>T,3,3,2
16076:A>G,4,3,1
16080:T>C,2,2,1
16081:T>A,3,2,1
16084:C>T,2,1,1
16086:C>A,6,6,4
16086:C>T,1,1,1
16090:A>C,3,3,2
16090:A>G,2,2,2
16090:A>del,6,5,3
16091:A>C,11,9,5
16092:A>C,52,29,11
16093:C>T,3,3,3
16093:C>del,21,13,6
16094:C>A,1,1,1
16094:C>G,40,21,7
16094:C>T,2,2,2
16095:C>A,4,4,2
16095:C>G,90,29,9
16095:C>T,6,4,2
16096:C>G,5,5,3
16096:C>T,8,6,5
16097:C>A,2,2,2
16097:C>T,1,1,1
16098:C>A,2,2,2
16099:A>C,174,44,12
16099:A>G,4,3,2
16099:A>del,57,21,8
16100:C>G,1,1,1
16100:C>del,1,1,1
16101:C>T,1,1,1
16102:C>T,1,1,1
16105:T>G,211,49,12
16108:T>A,1,1,1
16108:T>C,2,2,1
16108:T>G,192,49,12
16109:C>A,1,1,1
16109:C>G,1,1,1
16110:T>A,1,1,1
16110:T>C,2,2,1
16110:T>G,191,49,12
16111:T>G,91,34,8
16112:A>G,1,1,1
16113:A>C,20,12,4
16114:T>A,10,9,5
16114:T>C,1,1,1
16116:C>G,1,1,1
16118:A>C,124,44,12
16119:A>C,15,12,5
16120:A>C,67,32,11
16120:A>T,1,1,1
16122:C>T,1,1,1
16123:C>A,1,1,1
16124:C>G,6,6,5
16125:A>C,18,16,8
16125:A>G,176,58,12
16125:A>del,1,1,1
16133:T>A,141,45,12
16133:T>C,1,1,1
16133:T>G,8,6,5
16140:T>A,97,36,12
16140:T>C,1,1,1
16141:T>C,1,1,1
