posmut,nmitoshasdata,ncellshasdata,nmicehasdata
1224:A>G,842,96,13
1224:A>T,842,96,13
1225:G>A,854,96,13
1226:A>G,842,96,13
1228:G>A,848,96,13
1228:G>T,848,96,13
1229:A>G,847,96,13
1230:A>G,831,96,13
1231:A>G,836,96,13
1232:G>A,856,96,13
1232:G>T,856,96,13
1233:A>G,834,96,13
1235:T>C,838,96,13
1235:T>G,838,96,13
1237:A>G,841,96,13
1237:A>T,841,96,13
1238:T>A,842,96,13
1241:A>G,840,96,13
1243:A>G,840,96,13
1244:G>A,852,96,13
1247:A>G,839,96,13
1248:G>A,854,96,13
1248:G>C,854,96,13
1248:G>T,854,96,13
1249:A>G,828,96,13
1251:C>T,845,96,13
1252:A>G,840,96,13
1253:A>G,837,96,13
1254:G>A,851,96,13
1255:C>T,836,96,13
1256:A>G,827,96,13
1257:A>G,838,96,13
1258:A>G,839,96,13
1259:G>T,851,96,13
1260:A>G,828,96,13
1261:T>C,839,96,13
1265:A>C,785,96,13
1265:A>G,785,96,13
1266:C>T,828,96,13
1267:C>A,800,96,13
1268:T>C,828,96,13
1269:T>C,818,96,13
1270:G>A,825,96,13
1271:T>C,832,96,13
1272:A>G,821,96,13
1273:C>T,811,96,13
1274:C>T,796,96,13
1275:T>C,817,96,13
1276:T>C,801,96,13
1277:T>C,821,96,13
1278:T>C,830,96,13
1279:G>T,832,96,13
1280:C>A,805,96,13
1280:C>T,805,96,13
1282:T>C,819,96,13
1283:A>G,811,96,13
1286:G>C,829,96,13
1287:A>G,822,96,13
1288:A>G,803,96,13
1290:T>A,825,96,13
1291:A>G,831,96,13
1292:A>G,817,96,13
1293:C>T,819,96,13
1294:T>C,824,96,13
1295:A>G,781,96,13
1296:G>A,817,96,13
1296:G>T,817,96,13
1297:A>G,812,96,13
1298:A>G,815,96,13
1299:A>G,808,96,13
1302:T>C,819,96,13
1303:T>C,813,96,13
1305:T>C,815,96,13
1306:A>C,812,96,13
1306:A>G,812,96,13
1307:A>G,811,96,13
1309:T>C,810,96,13
1311:A>G,815,96,13
1312:A>C,812,96,13
1314:G>A,787,95,13
1316:A>G,810,96,13
1319:A>G,794,96,13
1320:C>T,809,96,13
1321:A>C,796,96,13
1321:A>G,796,96,13
1323:C>G,773,96,13
1325:A>T,789,96,13
1326:G>T,776,96,13
1327:A>C,745,96,13
1328:A>G,782,96,13
1329:A>C,730,96,13
1329:A>G,730,96,13
1330:C>T,793,96,13
2615:T>C,727,96,13
2619:T>C,727,96,13
2620:T>C,726,96,13
2622:A>G,723,96,13
2624:G>A,730,96,13
2625:A>G,730,96,13
2626:A>G,709,95,13
2628:A>G,721,95,13
2628:A>del,721,95,13
2630:A>G,729,97,13
2631:A>G,723,97,13
2633:C>G,726,96,13
2633:C>T,726,96,13
2634:T>A,729,96,13
2634:T>C,729,96,13
2635:A>G,714,95,13
2636:A>G,724,96,13
2637:A>G,726,96,13
2640:A>G,722,96,13
2641:A>G,720,95,13
2642:A>G,722,96,13
2644:A>C,722,95,13
2644:A>G,722,95,13
2646:A>G,727,96,13
2647:T>C,724,95,13
2649:C>A,721,95,13
2649:C>T,721,95,13
2650:G>A,717,96,13
2652:A>G,719,96,13
2653:C>A,695,95,13
2653:C>T,695,95,13
2655:C>T,719,95,13
2656:C>A,661,95,13
2656:C>T,661,95,13
2657:C>A,682,95,13
2657:C>T,682,95,13
2659:C>A,697,95,13
2659:C>G,697,95,13
2659:C>T,697,95,13
2660:T>C,683,95,13
2661:A>G,714,96,13
2662:A>G,707,95,13
2663:C>A,712,96,13
2664:C>G,695,96,13
2665:T>C,707,96,13
2666:A>G,703,95,13
2667:G>T,721,95,13
2670:A>G,716,95,13
2671:A>G,715,95,13
2671:A>T,715,95,13
2672:G>A,721,96,13
2672:G>T,721,96,13
2673:G>A,710,96,13
2675:T>C,709,96,13
2676:A>G,678,95,13
2679:A>C,673,95,13
2679:A>G,673,95,13
2680:G>A,724,96,13
2680:G>T,724,96,13
2681:G>A,708,96,13
2682:G>A,707,95,13
2683:T>A,685,95,13
2684:G>A,713,96,13
2685:G>A,708,96,13
2686:C>T,706,95,13
2687:A>G,700,95,13
2688:G>A,711,95,13
2688:G>T,711,95,13
2689:A>C,676,95,13
2689:A>G,676,95,13
2691:C>T,700,96,13
2692:C>T,695,95,13
2693:A>G,696,95,13
2694:G>A,696,96,13
2695:G>A,692,96,13
2696:A>G,705,95,13
2697:A>G,708,95,13
2698:A>G,711,95,13
2702:C>T,686,96,13
2703:G>A,649,95,13
2704:T>A,690,96,13
2704:T>C,690,96,13
2706:A>G,705,95,13
2707:G>A,672,95,13
2707:G>T,672,95,13
2708:A>G,668,94,13
2709:C>T,702,95,13
2710:T>C,707,96,13
2712:A>G,676,95,13
2713:A>G,701,95,13
2715:A>G,690,95,13
2717:C>T,686,95,13
2718:T>C,700,95,13
2719:T>C,699,96,13
2719:T>G,699,96,13
2720:G>A,679,95,13
2721:T>C,698,95,13
2722:T>C,706,96,13
2723:C>A,701,96,13
2723:C>T,701,96,13
2724:C>A,679,95,13
2724:C>T,679,95,13
2725:C>A,652,95,13
2725:C>T,652,95,13
2726:A>G,674,95,13
2727:G>A,637,95,13
2992:T>C,822,99,13
2993:A>G,832,99,13
2994:G>A,823,98,13
2994:G>T,823,98,13
2998:T>C,823,99,13
3002:T>C,820,99,13
3003:C>T,819,99,13
3006:T>C,819,98,13
3006:T>G,819,98,13
3007:G>A,820,98,13
3007:G>T,820,98,13
3008:A>G,823,99,13
3009:G>A,818,99,13
3010:T>C,814,99,13
3011:T>C,822,99,13
3012:C>A,794,98,13
3013:C>T,801,99,13
3014:C>T,797,98,13
3015:C>A,810,98,13
3016:T>C,805,98,13
3017:A>G,800,98,13
3020:A>G,818,98,13
3021:A>G,817,98,13
3024:C>G,812,99,13
3024:C>T,812,99,13
3025:C>A,788,98,13
3026:A>G,787,98,13
3027:C>T,815,98,13
3028:A>G,766,97,13
3030:C>A,792,98,13
3030:C>T,792,98,13
3031:C>T,812,98,13
3033:T>C,791,98,13
3034:T>A,813,98,13
3034:T>C,813,98,13
3035:A>G,782,98,13
3035:A>T,782,98,13
3037:T>C,821,98,13
3041:T>C,816,98,13
3042:T>C,807,98,13
3045:A>G,812,98,13
3046:A>G,797,98,13
3047:C>T,790,98,13
3048:C>A,771,98,13
3048:C>T,771,98,13
3050:A>G,798,98,13
3051:G>T,802,98,13
3052:G>A,781,98,13
3052:G>T,781,98,13
3054:A>G,811,99,13
3057:T>C,808,98,13
3058:T>C,809,98,13
3061:T>C,807,98,13
3062:T>C,800,98,13
3065:T>C,797,98,13
3067:T>C,767,98,13
3068:A>G,793,98,13
3068:A>T,793,98,13
3069:G>A,766,98,13
3070:C>T,753,98,13
3072:A>G,777,98,13
3074:A>G,778,99,13
3075:T>C,783,98,13
3076:C>A,780,98,13
3076:C>T,780,98,13
3077:T>C,780,98,13
3078:A>G,779,98,13
3080:C>T,749,98,13
3081:C>A,732,98,13
3081:C>T,732,98,13
3084:T>C,770,98,13
3086:A>G,740,96,13
3088:T>C,769,98,13
3089:T>C,763,98,13
3091:A>G,771,98,13
3092:C>T,741,97,13
3094:C>T,764,98,13
3095:C>A,736,98,13
3095:C>T,736,98,13
3097:T>C,799,98,13
3098:T>C,792,98,13
3099:C>T,778,98,13
3100:T>C,787,98,13
3102:T>C,799,98,13
3103:G>A,773,97,13
3104:A>G,782,97,13
3104:A>T,782,97,13
3106:C>A,774,98,13
3106:C>T,774,98,13
3772:C>T,904,97,13
3775:G>C,912,97,13
3777:A>G,900,97,13
3778:C>T,908,97,13
3780:A>G,908,97,13
3781:T>C,909,97,13
3782:A>C,912,97,13
3782:A>G,912,97,13
3783:G>A,911,97,13
3783:G>T,911,97,13
3784:G>A,912,97,13
3788:T>C,911,97,13
3789:G>A,912,97,13
3791:A>G,829,97,13
3794:T>C,913,97,13
3799:T>C,916,98,13
3800:T>C,918,98,13
3802:A>G,927,98,13
3816:T>C,924,98,13
3818:C>T,886,98,13
3819:G>A,914,98,13
3821:G>A,918,98,13
3822:C>T,898,97,13
3824:A>G,880,98,13
3825:C>T,903,98,13
3828:A>G,914,98,13
3831:C>T,916,98,13
3834:C>A,871,97,13
3834:C>T,871,97,13
3835:T>C,891,97,13
3839:C>T,900,98,13
3840:C>A,881,97,13
3843:A>G,920,98,13
3844:T>C,916,97,13
3846:G>T,914,98,13
3849:A>C,910,98,13
3850:G>A,909,98,13
3851:G>A,893,97,13
3856:C>T,904,98,13
3858:A>G,904,98,13
3860:T>C,909,98,13
3861:T>C,906,98,13
3863:A>T,897,97,13
3869:C>T,878,98,13
3870:G>A,873,97,13
3870:G>T,873,97,13
3872:G>A,896,98,13
3872:G>T,896,98,13
6430:A>C,916,98,13
6430:A>del,916,98,13
6431:C>T,953,98,13
6432:G>C,949,98,13
6433:A>G,943,98,13
6434:T>G,959,98,13
6436:C>A,951,98,13
6436:C>T,951,98,13
6437:A>G,955,98,13
6438:T>C,955,98,13
6439:A>G,946,98,13
6443:T>C,946,98,13
6444:G>A,945,98,13
6446:A>G,951,98,13
6448:T>C,951,98,13
6449:A>G,941,98,13
6450:G>A,954,98,13
6451:C>T,938,98,13
6455:T>del,916,98,13
6456:T>C,923,98,13
6457:T>C,948,98,13
6458:C>T,924,98,13
6459:C>T,904,98,13
6460:A>G,922,98,13
6461:C>A,924,98,13
6461:C>T,924,98,13
6463:A>G,948,98,13
6464:T>C,951,98,13
6467:T>C,946,98,13
6468:C>T,931,98,13
6469:T>C,954,98,13
6471:T>C,956,98,13
6472:C>A,932,98,13
6476:G>A,931,98,13
6476:G>C,931,98,13
6477:G>A,927,98,13
6478:G>A,938,98,13
6480:G>A,955,98,13
6480:G>T,955,98,13
6481:C>T,923,98,13
6482:A>G,930,98,13
6484:T>C,930,98,13
6488:T>C,951,98,13
6489:G>A,938,98,13
6495:A>C,937,98,13
6495:A>G,937,98,13
6496:T>C,939,98,13
6499:C>A,923,98,13
6499:C>T,923,98,13
6500:A>G,934,98,13
6507:G>A,928,98,13
6508:T>C,935,98,13
6510:C>A,890,98,13
6510:C>T,890,98,13
6514:G>A,918,98,13
6516:T>C,925,98,13
6518:C>A,872,98,13
6518:C>T,872,98,13
6519:C>T,860,98,13
6521:A>G,907,98,13
6529:C>A,894,98,13
6531:G>A,897,98,13
6532:G>A,914,98,13
6533:C>A,900,98,13
6534:T>del,905,98,13
6535:T>C,909,98,13
6536:C>T,889,98,13
6537:A>C,850,98,13
6537:A>G,850,98,13
6539:C>A,840,97,13
6540:C>A,881,98,13
6541:T>C,873,98,13
6542:A>G,898,98,13
6545:T>A,897,98,13
6545:T>C,897,98,13
7560:C>A,524,91,13
7560:C>G,524,91,13
7561:A>C,520,91,13
7561:A>G,520,91,13
7561:A>del,520,91,13
7564:A>G,518,91,13
7566:C>T,523,91,13
7567:A>G,520,90,13
7571:A>G,511,89,13
7572:A>G,471,86,13
7573:C>T,527,91,13
7575:G>A,521,91,13
7575:G>C,521,91,13
7577:C>T,526,90,13
7578:C>T,508,88,13
7581:G>C,521,90,13
7582:G>A,524,90,13
7583:T>C,517,89,13
7584:T>C,525,91,13
7585:A>T,524,90,13
7586:T>C,526,91,13
7589:T>C,528,90,13
7589:T>G,528,90,13
7590:A>G,527,91,13
7591:T>C,527,90,13
7591:T>G,527,90,13
7593:G>A,515,90,13
7595:C>T,502,88,13
7596:A>G,519,90,13
7599:G>A,520,89,13
7600:C>A,503,88,13
7601:T>C,513,89,13
7602:C>T,509,88,13
7603:T>A,508,89,13
7603:T>C,508,89,13
7604:G>A,514,89,13
7606:A>G,495,87,13
7615:A>G,510,87,13
7617:C>A,509,88,13
7617:C>T,509,88,13
7620:A>G,458,85,13
7622:C>A,469,85,13
7623:A>G,500,88,13
7626:G>A,503,87,13
7626:G>T,503,87,13
7628:T>C,494,85,13
7629:T>C,501,88,13
7632:T>C,509,89,13
7633:G>T,500,88,13
7634:C>T,478,86,13
7635:C>A,443,82,13
7635:C>T,443,82,13
7636:C>A,453,83,13
7636:C>T,453,83,13
7637:A>G,486,84,13
7641:T>C,503,88,13
7645:A>G,471,84,13
7646:G>A,480,84,13
7646:G>T,480,84,13
7648:A>G,468,84,13
7649:A>G,488,86,13
7651:G>A,471,84,13
7653:T>C,470,85,13
7653:T>G,470,85,13
7654:T>C,475,85,13
7655:C>T,466,85,13
7656:C>T,450,84,13
7657:A>G,451,83,13
7658:C>T,472,85,13
7659:T>A,476,85,13
7659:T>C,476,85,13
7660:A>G,340,71,13
7660:A>T,340,71,13
7660:A>del,340,71,13
7665:A>G,417,79,13
7666:T>C,480,84,13
7669:C>A,444,84,13
7670:G>T,402,78,13
7672:A>G,465,84,13
7673:A>G,474,85,13
8908:T>C,1607,102,13
8910:T>C,1608,102,13
8911:A>G,1606,102,13
8912:T>C,1607,102,13
8913:C>A,1606,102,13
8913:C>T,1606,102,13
8914:A>G,1606,102,13
8918:T>C,1604,102,13
8919:A>G,1605,102,13
8920:G>A,1602,102,13
8923:T>A,1603,102,13
8924:C>T,1601,102,13
8926:T>C,1598,102,13
8927:A>G,1597,102,13
8928:C>T,1603,102,13
8929:C>A,1591,102,13
8929:C>T,1591,102,13
8930:A>G,1597,102,13
8931:A>G,1592,102,13
8932:C>T,1599,102,13
8934:C>A,1598,102,13
8935:A>G,1601,102,13
8936:T>C,1594,102,13
8938:A>G,1600,102,13
8940:C>A,1600,102,13
8940:C>T,1600,102,13
8941:T>C,1600,102,13
8942:A>G,1601,102,13
8943:G>C,1599,102,13
8943:G>T,1599,102,13
8944:G>A,1597,102,13
8945:A>G,1605,102,13
8949:T>C,1595,102,13
8950:G>A,1594,102,13
8952:T>C,1593,102,13
8954:A>G,1574,102,13
8955:C>T,1591,102,13
8957:T>C,1590,102,13
8958:C>T,1588,102,13
8959:C>T,1588,102,13
8960:A>C,1593,102,13
8960:A>G,1593,102,13
8961:A>G,1590,102,13
8961:A>T,1590,102,13
8962:C>T,1594,102,13
8963:A>G,1596,102,13
8964:G>A,1591,102,13
8964:G>T,1591,102,13
8966:A>G,1599,102,13
8968:T>C,1593,102,13
8970:T>C,1596,102,13
8972:A>G,1578,102,13
8973:C>T,1576,102,13
8974:C>T,1568,102,13
8975:A>G,1582,102,13
8977:T>C,1584,102,13
8978:T>C,1589,102,13
8980:A>G,1582,102,13
8981:C>A,1582,102,13
8981:C>T,1582,102,13
8982:C>A,1569,102,13
8982:C>T,1569,102,13
8983:C>T,1572,102,13
8984:T>A,1587,102,13
8986:T>C,1584,102,13
8987:A>G,1590,102,13
8988:G>A,1587,102,13
8989:A>G,1587,102,13
8990:A>G,1596,102,13
8990:A>T,1596,102,13
8992:T>C,1591,102,13
8993:C>A,1584,102,13
8993:C>T,1584,102,13
8993:C>del,1584,102,13
8994:C>A,1567,102,13
8994:C>T,1567,102,13
8996:A>G,1566,102,13
9002:T>C,1577,102,13
9004:A>C,1582,102,13
9007:C>T,1582,102,13
9008:T>C,1576,102,13
9009:T>C,1574,102,13
9010:C>T,1575,102,13
9011:A>G,1574,102,13
9012:G>A,1573,102,13
9012:G>T,1573,102,13
9013:T>C,1579,102,13
9015:C>T,1578,102,13
9016:T>C,1580,102,13
9017:T>C,1574,102,13
9019:T>C,1572,102,13
9019:T>G,1572,102,13
9020:A>G,1576,102,13
9027:G>A,1344,100,13
9027:G>C,1344,100,13
9027:G>T,1344,100,13
9373:T>C,1230,101,13
9373:T>G,1230,101,13
9374:T>G,1234,101,13
9376:A>C,1238,101,13
9376:A>G,1238,101,13
9377:T>G,1245,101,13
9378:T>C,1246,101,13
9381:T>C,1243,101,13
9383:A>G,1238,101,13
9384:G>A,1241,101,13
9386:A>G,1233,101,13
9387:T>C,1244,101,13
9388:C>T,1233,101,13
9390:T>C,1235,101,13
9390:T>G,1235,101,13
9391:A>G,1233,101,13
9393:T>C,1240,101,13
9393:T>G,1240,101,13
9394:C>T,1214,101,13
9395:C>A,1190,100,13
9395:C>T,1190,100,13
9396:C>A,1215,101,13
9396:C>T,1215,101,13
9397:T>C,1224,101,13
9398:T>C,1215,101,13
9399:A>G,1223,101,13
9400:G>A,1245,101,13
9401:T>C,1235,101,13
9402:A>G,1226,101,13
9404:A>G,1224,101,13
9406:T>C,1242,101,13
9409:A>G,1232,101,13
9413:A>G,1232,101,13
9414:A>G,1225,101,13
9416:T>C,1238,101,13
9417:G>A,1233,101,13
9418:A>G,1218,101,13
9419:C>A,1220,101,13
9419:C>T,1220,101,13
9420:T>C,1224,101,13
9421:T>C,1229,101,13
9422:C>A,1216,101,13
9422:C>T,1216,101,13
9423:C>T,1199,101,13
9424:A>G,1218,101,13
9424:A>T,1218,101,13
9426:T>C,1229,101,13
9428:A>G,1201,99,13
9430:T>C,1232,101,13
9431:A>G,1219,101,13
9432:G>T,1234,101,13
9433:A>G,1229,101,13
9434:T>C,1232,101,13
9435:T>C,1237,101,13
9436:C>T,1215,101,13
9437:T>C,1233,101,13
9438:G>A,1231,101,13
9438:G>T,1231,101,13
9439:A>G,1232,101,13
9440:A>G,1221,101,13
9442:A>G,1227,101,13
9443:A>G,1224,101,13
9444:A>G,1201,101,13
9445:C>T,1220,101,13
9445:C>del,1220,101,13
9446:C>A,1187,100,13
9446:C>T,1187,100,13
9447:C>A,1186,99,13
9447:C>T,1186,99,13
9448:A>G,1211,101,13
9451:A>C,1216,101,13
9451:A>G,1216,101,13
9453:A>G,1215,101,13
9454:G>A,1212,101,13
9454:G>T,1212,101,13
9455:A>G,1208,100,13
9457:T>C,1216,100,13
9459:A>G,1206,100,13
9461:T>A,1202,100,13
9461:T>C,1202,100,13
9463:A>C,1157,100,13
9463:A>G,1157,100,13
9464:C>G,1195,100,13
9464:C>T,1195,100,13
9465:C>A,1185,100,13
9465:C>T,1185,100,13
9466:T>A,1205,101,13
9466:T>C,1205,101,13
9467:G>A,1187,100,13
9468:T>C,1205,101,13
9469:A>G,1186,100,13
9470:C>T,1184,100,13
9471:A>G,1184,100,13
9472:C>A,1179,100,13
9473:T>C,1188,100,13
9474:G>A,1172,100,13
9474:G>C,1172,100,13
9475:T>C,1189,100,13
9476:T>C,1189,100,13
9477:A>G,1182,101,13
9478:T>C,1194,101,13
9479:C>T,1174,100,13
9480:T>C,1181,100,13
9481:T>C,1179,100,13
9485:T>C,1184,100,13
12803:A>T,1112,102,13
12805:A>C,1098,102,13
12805:A>G,1098,102,13
12808:T>C,1110,102,13
12809:C>T,1105,102,13
12810:C>T,1096,102,13
12811:G>A,1101,102,13
12811:G>T,1101,102,13
12814:A>C,1104,102,13
12814:A>G,1104,102,13
12815:A>G,1101,102,13
12816:A>G,1108,102,13
12821:A>G,1107,102,13
12822:A>G,1093,102,13
12823:A>G,1095,102,13
12826:T>C,1106,102,13
12828:A>G,1103,102,13
12829:C>T,1109,102,13
12831:A>G,1108,102,13
12831:A>T,1108,102,13
12836:C>A,1105,102,13
12837:A>G,1105,102,13
12838:T>C,1107,102,13
12839:A>G,1097,102,13
12841:C>A,1071,101,13
12842:A>T,1104,102,13
12846:A>G,1093,102,13
12847:C>T,1099,102,13
12848:A>G,1102,102,13
12852:T>C,1101,102,13
12854:A>G,1102,102,13
12855:T>C,1105,102,13
12857:C>A,1083,102,13
12858:C>A,1080,102,13
12858:C>T,1080,102,13
12859:T>C,1102,102,13
12860:A>G,1092,102,13
12861:G>A,1102,102,13
12862:T>A,1105,102,13
12864:A>G,1101,102,13
12865:T>C,1109,102,13
12866:C>T,1087,102,13
12867:G>A,1075,102,13
12868:G>T,1088,102,13
12869:A>G,1095,102,13
12870:A>G,1092,102,13
12871:G>A,1102,102,13
12874:T>C,1095,102,13
12875:C>G,1057,102,13
12875:C>T,1057,102,13
12877:C>T,1061,102,13
12879:C>A,1059,101,13
12880:T>C,1086,102,13
12881:C>T,1069,102,13
12883:C>T,1068,102,13
12884:A>G,1087,102,13
12884:A>T,1087,102,13
12885:G>A,1079,101,13
12887:A>G,1087,102,13
12889:T>C,1091,102,13
12890:A>G,1076,102,13
12891:C>T,1083,102,13
12892:C>A,1047,101,13
12900:A>G,1073,102,13
12901:C>T,1078,102,13
12902:A>G,1066,102,13
12905:G>A,1072,102,13
12906:T>C,1079,102,13
12907:T>C,1085,102,13
12915:A>C,1073,102,13
12916:A>C,1082,102,13
12917:A>G,1080,102,13
12917:A>T,1080,102,13
12919:A>G,996,101,13
13723:A>C,1478,102,13
13723:A>G,1478,102,13
13724:T>C,1469,102,13
13726:A>G,1473,102,13
13727:A>G,1466,102,13
13728:T>C,1466,102,13
13729:T>C,1473,102,13
13732:T>C,1468,102,13
13733:C>A,1446,102,13
13733:C>T,1446,102,13
13734:C>A,1444,102,13
13734:C>T,1444,102,13
13735:A>G,1448,102,13
13736:A>G,1445,102,13
13737:C>T,1460,102,13
13738:T>C,1447,102,13
13739:T>C,1450,102,13
13740:C>T,1452,102,13
13741:A>G,1454,102,13
13742:T>C,1456,102,13
13743:C>A,1450,102,13
13743:C>T,1450,102,13
13744:A>G,1451,102,13
13744:A>T,1451,102,13
13745:T>C,1450,102,13
13746:A>G,1452,102,13
13747:A>G,1464,102,13
13747:A>T,1464,102,13
13749:A>G,1457,102,13
13750:A>G,1458,102,13
13751:T>C,1461,102,13
13752:T>C,1452,102,13
13754:A>C,1454,102,13
13755:G>A,1456,102,13
13755:G>T,1456,102,13
13756:C>T,1445,102,13
13757:A>G,1438,102,13
13758:C>T,1446,102,13
13759:A>G,1450,102,13
13760:C>T,1453,102,13
13761:A>G,1454,102,13
13762:A>G,1457,102,13
13763:A>G,1465,102,13
13764:T>C,1444,102,13
13764:T>del,1444,102,13
13765:T>G,1451,102,13
13766:A>G,1430,102,13
13766:A>del,1430,102,13
13767:A>G,1447,102,13
13767:A>T,1447,102,13
13768:A>G,1453,102,13
13769:A>C,1454,102,13
13769:A>G,1454,102,13
13770:A>G,1451,102,13
13771:A>G,1440,102,13
13772:A>C,1419,102,13
13772:A>G,1419,102,13
13773:C>T,1449,102,13
13774:C>T,1417,102,13
13778:A>G,1455,102,13
13778:A>T,1455,102,13
13779:T>A,1447,102,13
13779:T>C,1447,102,13
13780:A>G,1460,102,13
13782:T>C,1456,102,13
13783:C>A,1428,102,13
13784:A>G,1408,102,13
13785:C>A,1413,102,13
13785:C>T,1413,102,13
13785:C>del,1413,102,13
13786:C>A,1362,102,13
13786:C>G,1362,102,13
13786:C>T,1362,102,13
13787:C>T,1391,102,13
13788:C>A,1403,102,13
13788:C>G,1403,102,13
13788:C>T,1403,102,13
13789:C>A,1414,102,13
13789:C>T,1414,102,13
13790:A>G,1444,102,13
13791:A>T,1440,102,13
13793:A>G,1443,102,13
13796:A>G,1428,102,13
13796:A>del,1428,102,13
13797:A>C,1435,102,13
13797:A>G,1435,102,13
13798:A>G,1444,102,13
13801:A>G,1388,102,13
13802:C>A,1433,102,13
13802:C>T,1433,102,13
13803:C>A,1392,102,13
13804:C>A,1382,102,13
13804:C>T,1382,102,13
13805:A>del,1413,102,13
13806:A>G,1426,102,13
13807:A>G,1439,102,13
13808:A>G,1434,102,13
13809:T>C,1427,102,13
13812:A>C,1421,102,13
13812:A>G,1421,102,13
13813:T>C,1417,102,13
13813:T>G,1417,102,13
13814:C>T,1394,102,13
13815:A>G,1374,102,13
13816:G>A,1380,102,13
13817:T>C,1402,102,13
13818:T>A,1408,102,13
13818:T>C,1408,102,13
13820:G>A,1394,102,13
13820:G>T,1394,102,13
13821:A>G,1389,102,13
13822:T>C,1418,102,13
13823:C>A,1399,102,13
13824:C>A,1387,102,13
13824:C>T,1387,102,13
13825:C>T,1383,102,13
13826:C>A,1365,102,13
13826:C>T,1365,102,13
13827:A>T,1372,102,13
13828:A>G,1382,102,13
13829:G>A,1385,102,13
13830:T>C,1369,102,13
13831:C>A,1383,102,13
13831:C>T,1383,102,13
13832:T>C,1380,102,13
13833:C>A,1380,102,13
13834:T>C,1387,102,13
13835:G>A,1359,102,13
13835:G>C,1359,102,13
13835:G>T,1359,102,13
13836:G>A,1374,102,13
13836:G>T,1374,102,13
13840:T>C,1094,100,13
15175:A>G,355,82,13
15178:A>G,303,77,13
15189:A>G,377,83,13
15191:C>T,376,83,13
15197:C>T,358,81,13
15200:A>G,299,76,13
15201:C>T,359,81,13
15202:T>A,366,83,13
15206:C>T,352,80,13
15211:T>C,360,81,13
15213:T>C,367,80,13
15215:A>G,355,81,13
15219:T>C,353,81,13
15221:C>A,348,80,13
15222:T>G,364,81,13
15230:C>A,347,80,13
15230:C>T,347,80,13
15237:C>A,313,74,13
15238:T>C,358,79,13
15240:A>G,370,82,13
15241:T>C,369,80,13
15243:C>A,332,77,13
15243:C>G,332,77,13
15244:C>T,304,76,13
15246:A>G,365,82,13
15248:C>A,352,80,13
15253:G>T,349,80,13
15255:A>G,336,77,13
15260:C>T,346,78,13
15263:A>G,340,78,13
15264:G>A,350,80,13
15265:A>G,323,76,13
15266:C>T,344,79,13
15273:C>A,345,78,13
15275:A>G,250,74,13
15275:A>del,250,74,13
15283:A>G,333,79,13
15285:C>T,274,72,13
15286:C>T,255,72,13
15290:T>C,339,78,13
16028:T>C,595,92,13
16030:A>G,606,92,13
16030:A>T,606,92,13
16031:G>T,592,92,13
16033:C>T,591,92,13
16034:T>C,594,92,13
16043:A>G,593,92,13
16044:T>C,597,92,13
16045:G>A,592,92,13
16047:T>C,586,92,13
16049:G>A,587,92,13
16050:T>C,589,92,13
16051:T>A,586,92,13
16052:A>G,591,92,13
16053:G>T,590,92,13
16054:A>G,573,92,13
16056:A>G,590,92,13
16057:T>C,595,92,13
16059:A>G,595,92,13
16059:A>T,595,92,13
16060:A>G,581,92,13
16062:G>A,582,92,13
16063:C>T,571,92,13
16065:A>G,578,92,13
16067:T>C,577,92,13
16068:C>T,578,92,13
16069:A>G,568,91,13
16070:A>G,571,91,13
16070:A>T,571,91,13
16073:C>T,569,91,13
16074:C>T,525,90,13
16076:A>G,565,91,13
16080:T>C,568,91,13
16081:T>A,576,91,13
16084:C>T,537,91,13
16086:C>A,542,91,13
16086:C>T,542,91,13
16090:A>C,333,69,13
16090:A>G,333,69,13
16090:A>del,333,69,13
16091:A>C,251,56,12
16092:A>C,180,47,12
16093:C>T,300,64,12
16093:C>del,300,64,12
16094:C>A,232,53,12
16094:C>G,232,53,12
16094:C>T,232,53,12
16095:C>A,204,51,12
16095:C>G,204,51,12
16095:C>T,204,51,12
16096:C>G,267,58,12
16096:C>T,267,58,12
16097:C>A,431,81,13
16097:C>T,431,81,13
16098:C>A,434,85,13
16099:A>C,178,45,12
16099:A>G,178,45,12
16099:A>del,178,45,12
16100:C>G,388,77,13
16100:C>del,388,77,13
16101:C>T,376,75,13
16102:C>T,428,81,13
16105:T>G,225,50,12
16108:T>A,226,52,12
16108:T>C,226,52,12
16108:T>G,226,52,12
16109:C>A,368,72,13
16109:C>G,368,72,13
16110:T>A,210,50,12
16110:T>C,210,50,12
16110:T>G,210,50,12
16111:T>G,275,60,12
16112:A>G,279,61,12
16113:A>C,295,64,13
16114:T>A,277,60,12
16114:T>C,277,60,12
16116:C>G,323,65,12
16118:A>C,269,58,12
16119:A>C,285,61,12
16120:A>C,253,56,12
16120:A>T,253,56,12
16122:C>T,427,81,13
16123:C>A,451,85,13
16124:C>G,481,87,13
16125:A>C,386,76,13
16125:A>G,386,76,13
16125:A>del,386,76,13
16133:T>A,235,54,12
16133:T>C,235,54,12
16133:T>G,235,54,12
16140:T>A,236,55,12
16140:T>C,236,55,12
16141:T>C,264,59,12
