pos1,pos2,ref1,ref2,mut1,mut2,posmut1,posmut2,allele1,allele2,oddsratio,pval,padj
6430,6432,A,G,A>C,G>C,6430:A>C,6432:G>C,C,C,Inf,1.06979310170213e-115,2.63169103018723e-113
6430,6432,A,G,A>-,G>C,6430:A>-,6432:G>C,-,C,Inf,0.11864406779661,1
6430,9027,A,G,A>C,G>A,6430:A>C,9027:G>A,C,A,Inf,0.226239856709153,1
6430,9027,A,G,A>C,G>G,6430:A>C,9027:G>G,C,G,3.43418561407608,1.66565983490178e-06,0.000404755339881132
6430,9461,A,T,A>C,T>A,6430:A>C,9461:T>A,C,A,Inf,0.152439024390244,1
6430,9461,A,T,A>C,T>C,6430:A>C,9461:T>C,C,C,Inf,0.515359741652313,1
6430,9461,A,T,A>C,T>T,6430:A>C,9461:T>T,C,T,3.57611484475601,2.97764668462766e-08,7.29523437733776e-06
6430,9461,A,T,A>-,T>C,6430:A>-,9461:T>C,-,C,Inf,0.995121951219512,1
6430,16090,A,A,A>C,A>-,6430:A>C,16090:A>-,C,-,0.236918850529735,0.976950149078652,1
6430,16092,A,A,A>C,A>C,6430:A>C,16092:A>C,C,C,0.746032533649849,0.769241444811901,1
6430,16093,A,C,A>C,C>T,6430:A>C,16093:C>T,C,T,Inf,0.315789473684211,1
6430,16093,A,C,A>C,C>-,6430:A>C,16093:C>-,C,-,1.31495521623799,0.319969443301371,1
6430,16095,A,C,A>C,C>G,6430:A>C,16095:C>G,C,G,0.261619739235586,0.999163948901532,1
6430,16095,A,C,A>C,C>T,6430:A>C,16095:C>T,C,T,1.2096738119469,0.589504236023267,1
6430,16099,A,A,A>C,A>G,6430:A>C,16099:A>G,C,G,1.8005049652849,0.460144286093653,1
6430,16099,A,A,A>C,A>C,6430:A>C,16099:A>C,C,C,Inf,0.6375,1
6430,16099,A,A,A>C,A>-,6430:A>C,16099:A>-,C,-,0.324293947359972,0.995273643734337,1
6430,16105,A,T,A>C,T>G,6430:A>C,16105:T>G,C,G,0.650382793620923,0.828789093825181,1
6430,16108,A,T,A>C,T>G,6430:A>C,16108:T>G,C,G,1.38310564245435,0.431667864490568,1
6430,16108,A,T,A>C,T>C,6430:A>C,16108:T>C,C,C,Inf,0.157446808510638,1
6430,16110,A,T,A>C,T>G,6430:A>C,16110:T>G,C,G,2.04967446028597,0.472977655256136,1
6430,16120,A,A,A>C,A>C,6430:A>C,16120:A>C,C,C,1.21962365745187,0.488042683228143,1
6430,16133,A,T,A>C,T>A,6430:A>C,16133:T>A,C,A,Inf,0.191880816187143,1
6430,16140,A,T,A>C,T>A,6430:A>C,16140:T>A,C,A,Inf,0.0461856688586336,1
6432,9027,G,G,G>C,G>A,6432:G>C,9027:G>A,C,A,Inf,0.289159979882316,1
6432,9027,G,G,G>C,G>G,6432:G>C,9027:G>G,C,G,3.56717338664166,1.7955344893157e-06,0.0004345193464144
6432,9461,G,T,G>C,T>A,6432:G>C,9461:T>A,C,A,Inf,0.124700239808153,1
6432,9461,G,T,G>C,T>C,6432:G>C,9461:T>C,C,C,Inf,0.58638219721829,1
6432,9461,G,T,G>C,T>T,6432:G>C,9461:T>T,C,T,3.4252763728699,5.10814214521459e-07,0.000124638668343236
6432,16092,G,A,G>C,A>C,6432:G>C,16092:A>C,C,C,0.864996129504616,0.712265400310007,1
6432,16093,G,C,G>C,C>T,6432:G>C,16093:C>T,C,T,Inf,0.269736842105264,1
6432,16093,G,C,G>C,C>-,6432:G>C,16093:C>-,C,-,1.23243017252905,0.388582019862259,1
6432,16095,G,C,G>C,C>G,6432:G>C,16095:C>G,C,G,0.188276708094849,0.999867671127594,1
6432,16095,G,C,G>C,C>T,6432:G>C,16095:C>T,C,T,1.39501353503549,0.528794568126832,1
6432,16099,G,A,G>C,A>G,6432:G>C,16099:A>G,C,G,2.14391474328664,0.392281768864047,1
6432,16099,G,A,G>C,A>C,6432:G>C,16099:A>C,C,C,Inf,0.675,1
6432,16099,G,A,G>C,A>-,6432:G>C,16099:A>-,C,-,0.389592089670374,0.985545510927779,1
6432,16105,G,T,G>C,T>G,6432:G>C,16105:T>G,C,G,0.559511223025624,0.865465352139252,1
6432,16108,G,T,G>C,T>G,6432:G>C,16108:T>G,C,G,1.13065095342323,0.561466299077029,1
6432,16108,G,T,G>C,T>C,6432:G>C,16108:T>C,C,C,1.80601180853268,0.590145576707727,1
6432,16110,G,T,G>C,T>G,6432:G>C,16110:T>G,C,G,Inf,0.171173762945915,1
6432,16120,G,A,G>C,A>C,6432:G>C,16120:A>C,C,C,0.622778994616007,0.844047350903876,1
6432,16133,G,T,G>C,T>A,6432:G>C,16133:T>A,C,A,Inf,0.23290361137198,1
6432,16140,G,T,G>C,T>A,6432:G>C,16140:T>A,C,A,Inf,0.0620154343948588,1
9027,9461,G,T,G>A,T>A,9027:G>A,9461:T>A,A,A,Inf,0.970741901776385,1
9027,9461,G,T,G>A,T>C,9027:G>A,9461:T>C,A,C,108.290490677648,8.82188262762844e-05,0.021084299480032
9027,9461,G,T,G>A,T>T,9027:G>A,9461:T>T,A,T,0.554732672162939,0.931885548362519,1
9027,9461,G,T,G>G,T>T,9027:G>G,9461:T>T,G,T,1.67021654873422,0.00720534954555028,1
9027,9461,G,T,G>C,T>C,9027:G>C,9461:T>C,C,C,Inf,0.995820271682341,1
9027,9461,G,T,G>T,T>C,9027:G>T,9461:T>C,T,C,Inf,0.991653659666934,1
9027,16090,G,A,G>A,A>G,9027:G>A,16090:A>G,A,G,Inf,0.985611510791367,1
9027,16090,G,A,G>A,A>-,9027:G>A,16090:A>-,A,-,0.0573495526321454,0.997080596392451,1
9027,16090,G,A,G>G,A>-,9027:G>G,16090:A>-,G,-,0.477636089798249,0.903396434577678,1
9027,16092,G,A,G>G,A>C,9027:G>G,16092:A>C,G,C,0.140544632729693,0.994137161395763,1
9027,16093,G,C,G>A,C>T,9027:G>A,16093:C>T,A,T,Inf,0.985714285714286,1
9027,16093,G,C,G>A,C>-,9027:G>A,16093:C>-,A,-,0.305133876558089,0.945734840698869,1
9027,16093,G,C,G>G,C>-,9027:G>G,16093:C>-,G,-,1.39240829893497,0.264262551748295,1
9027,16093,G,C,G>C,C>-,9027:G>C,16093:C>-,C,-,Inf,0.235714285714286,1
9027,16093,G,C,G>T,C>-,9027:G>T,16093:C>-,T,-,Inf,0.235714285714286,1
9027,16095,G,C,G>G,C>G,9027:G>G,16095:C>G,G,G,0.519604180483349,0.955268572292466,1
9027,16095,G,C,G>G,C>T,9027:G>G,16095:C>T,G,T,0.32918239214151,0.93905031892275,1
9027,16099,G,A,G>G,A>G,9027:G>G,16099:A>G,G,G,Inf,0.0870037220843673,1
9027,16099,G,A,G>G,A>C,9027:G>G,16099:A>C,G,C,Inf,0.446153846153846,1
9027,16099,G,A,G>G,A>-,9027:G>G,16099:A>-,G,-,1.36175237585169,0.376507042867123,1
9027,16099,G,A,G>C,A>C,9027:G>C,16099:A>C,C,C,Inf,0.984615384615385,1
9027,16099,G,A,G>C,A>-,9027:G>C,16099:A>-,C,-,Inf,0.692307692307692,1
9027,16099,G,A,G>T,A>C,9027:G>T,16099:A>C,T,C,Inf,0.984615384615385,1
9027,16099,G,A,G>T,A>-,9027:G>T,16099:A>-,T,-,Inf,0.692307692307692,1
9027,16105,G,T,G>G,T>G,9027:G>G,16105:T>G,G,G,1.91859301885209,0.399368654884155,1
9027,16105,G,T,G>C,T>G,9027:G>C,16105:T>G,C,G,Inf,0.934210526315789,1
9027,16105,G,T,G>T,T>G,9027:G>T,16105:T>G,T,G,Inf,0.934210526315789,1
9027,16108,G,T,G>G,T>G,9027:G>G,16108:T>G,G,G,1.19096177300518,0.495198905921501,1
9027,16108,G,T,G>G,T>C,9027:G>G,16108:T>C,G,C,Inf,0.536585365853659,1
9027,16108,G,T,G>C,T>G,9027:G>C,16108:T>G,C,G,Inf,0.829268292682927,1
9027,16108,G,T,G>T,T>G,9027:G>T,16108:T>G,T,G,Inf,0.829268292682927,1
9027,16110,G,T,G>G,T>G,9027:G>G,16110:T>G,G,G,Inf,0.0974462365591398,1
9027,16110,G,T,G>C,T>G,9027:G>C,16110:T>G,C,G,Inf,0.953125,1
9027,16110,G,T,G>T,T>G,9027:G>T,16110:T>G,T,G,Inf,0.953125,1
9027,16111,G,T,G>G,T>G,9027:G>G,16111:T>G,G,G,0.97519947093944,0.65784070694199,1
9027,16118,G,A,G>G,A>C,9027:G>G,16118:A>C,G,C,0.341270088582248,0.992563065012862,1
9027,16118,G,A,G>C,A>C,9027:G>C,16118:A>C,C,C,Inf,0.196581196581196,1
9027,16118,G,A,G>T,A>C,9027:G>T,16118:A>C,T,C,Inf,0.196581196581196,1
9027,16120,G,A,G>G,A>C,9027:G>G,16120:A>C,G,C,0.395655576347391,0.954176422355933,1
9027,16120,G,A,G>C,A>C,9027:G>C,16120:A>C,C,C,Inf,0.1,1
9027,16120,G,A,G>T,A>C,9027:G>T,16120:A>C,T,C,Inf,0.1,1
9027,16133,G,T,G>G,T>A,9027:G>G,16133:T>A,G,A,Inf,0.0231747832428491,1
9027,16133,G,T,G>G,T>G,9027:G>G,16133:T>G,G,G,0.402602668275727,0.92468195446074,1
9027,16133,G,T,G>C,T>A,9027:G>C,16133:T>A,C,A,Inf,0.930232558139535,1
9027,16133,G,T,G>C,T>G,9027:G>C,16133:T>G,C,G,Inf,0.0930232558139535,1
9027,16133,G,T,G>T,T>A,9027:G>T,16133:T>A,T,A,Inf,0.930232558139535,1
9027,16133,G,T,G>T,T>G,9027:G>T,16133:T>G,T,G,Inf,0.0930232558139535,1
9027,16140,G,T,G>G,T>A,9027:G>G,16140:T>A,G,A,Inf,0.00298569355173129,0.69566659755339
9027,16140,G,T,G>C,T>A,9027:G>C,16140:T>A,C,A,Inf,0.905660377358491,1
9027,16140,G,T,G>T,T>A,9027:G>T,16140:T>A,T,A,Inf,0.905660377358491,1
9461,16090,T,A,T>C,A>G,9461:T>C,16090:A>G,C,G,Inf,0.982456140350877,1
9461,16090,T,A,T>C,A>-,9461:T>C,16090:A>-,C,-,0.103526000320539,0.992774836499533,1
9461,16090,T,A,T>T,A>-,9461:T>T,16090:A>-,T,-,1.42537768511646,0.43702463209562,1
9461,16092,T,A,T>C,A>C,9461:T>C,16092:A>C,C,C,Inf,0.880597014925373,1
9461,16093,T,C,T>C,C>T,9461:T>C,16093:C>T,C,T,Inf,0.981707317073171,1
9461,16093,T,C,T>C,C>-,9461:T>C,16093:C>-,C,-,0.557858911762702,0.878381299150415,1
9461,16093,T,C,T>T,C>-,9461:T>T,16093:C>-,T,-,1.13700363700899,0.462767512190929,1
9461,16095,T,C,T>C,C>T,9461:T>C,16095:C>T,C,T,Inf,0.95049504950495,1
9461,16095,T,C,T>T,C>G,9461:T>T,16095:C>G,T,G,0.759617625374721,0.778666604911377,1
9461,16099,T,A,T>C,A>G,9461:T>C,16099:A>G,C,G,Inf,0.950617283950617,1
9461,16099,T,A,T>T,A>C,9461:T>T,16099:A>C,T,C,Inf,0.82716049382716,1
9461,16099,T,A,T>T,A>-,9461:T>T,16099:A>-,T,-,0.430451185731398,0.958768056429748,1
9461,16105,T,T,T>T,T>G,9461:T>T,16105:T>G,T,G,0.159132643888947,0.993473747958669,1
9461,16108,T,T,T>C,T>C,9461:T>C,16108:T>C,C,C,Inf,0.979591836734694,1
9461,16108,T,T,T>T,T>G,9461:T>T,16108:T>G,T,G,0.36466145602109,0.973116094431695,1
9461,16108,T,T,T>T,T>C,9461:T>T,16108:T>C,T,C,4.24471123984948,0.351777824531875,1
9461,16110,T,T,T>C,T>C,9461:T>C,16110:T>C,C,C,Inf,0.9875,1
9461,16110,T,T,T>T,T>G,9461:T>T,16110:T>G,T,G,0.0659667925014352,0.999136939010357,1
9461,16111,T,T,T>C,T>G,9461:T>C,16111:T>G,C,G,0.0540504641702643,0.997390737116764,1
9461,16111,T,T,T>T,T>G,9461:T>T,16111:T>G,T,G,1.99538542932997,0.289131119264736,1
9461,16118,T,A,T>T,A>C,9461:T>T,16118:A>C,T,C,0.687210610333461,0.828772273576502,1
9461,16120,T,A,T>C,A>C,9461:T>C,16120:A>C,C,C,Inf,0.903225806451613,1
9461,16120,T,A,T>T,A>C,9461:T>T,16120:A>C,T,C,0.66351554536772,0.805713488858525,1
9461,16133,T,T,T>C,T>G,9461:T>C,16133:T>G,C,G,Inf,0.905660377358491,1
9461,16133,T,T,T>T,T>A,9461:T>T,16133:T>A,T,A,0.0880074257391299,0.996414240587382,1
9461,16133,T,T,T>T,T>G,9461:T>T,16133:T>G,T,G,3.768506314482,0.195811735434377,1
9461,16140,T,T,T>T,T>A,9461:T>T,16140:T>A,T,A,0.218107719187363,0.981060738352422,1
16090,16093,A,C,A>G,C>-,16090:A>G,16093:C>-,G,-,Inf,0.232704402515723,1
16090,16093,A,C,A>-,C>-,16090:A>-,16093:C>-,-,-,4.55217185248371,0.0323359664992763,1
16090,16095,A,C,A>-,C>G,16090:A>-,16095:C>G,-,G,3.36360947706197,0.319834210719759,1
16090,16099,A,A,A>-,A>C,16090:A>-,16099:A>C,-,C,Inf,0.987951807228916,1
16090,16099,A,A,A>-,A>-,16090:A>-,16099:A>-,-,-,Inf,0.662650602409638,1
16090,16105,A,T,A>-,T>G,16090:A>-,16105:T>G,-,G,Inf,0.893693263258481,1
16090,16108,A,T,A>-,T>G,16090:A>-,16108:T>G,-,G,Inf,0.738383838383838,1
16090,16110,A,T,A>-,T>G,16090:A>-,16110:T>G,-,G,Inf,0.904245709123758,1
16090,16133,A,T,A>-,T>A,16090:A>-,16133:T>A,-,A,Inf,0.945454545454546,1
16090,16140,A,T,A>-,T>A,16090:A>-,16140:T>A,-,A,Inf,0.921875,1
16092,16093,A,C,A>C,C>-,16092:A>C,16093:C>-,C,-,0.575500630833853,0.835286155157581,1
16092,16095,A,C,A>C,C>G,16092:A>C,16095:C>G,C,G,3.80266322331816,0.0796724081114607,1
16092,16099,A,A,A>C,A>C,16092:A>C,16099:A>C,C,C,Inf,0.882352941176471,1
16092,16099,A,A,A>C,A>-,16092:A>C,16099:A>-,C,-,1.49160535490843,0.487311445338447,1
16092,16105,A,T,A>C,T>G,16092:A>C,16105:T>G,C,G,Inf,0.714330445673729,1
16092,16108,A,T,A>C,T>G,16092:A>C,16108:T>G,C,G,0.641252662659073,0.856583751337922,1
16092,16110,A,T,A>C,T>G,16092:A>C,16110:T>G,C,G,Inf,0.593787182966288,1
16092,16110,A,T,A>C,T>C,16092:A>C,16110:T>C,C,C,Inf,0.119402985074627,1
16092,16118,A,A,A>C,A>C,16092:A>C,16118:A>C,C,C,1.63690562267875,0.394708362349664,1
16092,16120,A,A,A>C,A>C,16092:A>C,16120:A>C,C,C,4.00952134047977,0.317184132811877,1
16092,16133,A,T,A>C,T>A,16092:A>C,16133:T>A,C,A,Inf,0.642081447963801,1
16092,16133,A,T,A>C,T>G,16092:A>C,16133:T>G,C,G,5.3158469511972,0.128603749191985,1
16092,16140,A,T,A>C,T>A,16092:A>C,16140:T>A,C,A,0.443271708479146,0.91642110510035,1
16093,16095,C,C,C>-,C>G,16093:C>-,16095:C>G,-,G,1.15220738586974,0.478115521436399,1
16093,16095,C,C,C>-,C>T,16093:C>-,16095:C>T,-,T,6.00896184084704,0.0657680894139835,1
16093,16099,C,A,C>T,A>C,16093:C>T,16099:A>C,T,C,Inf,0.987951807228916,1
16093,16099,C,A,C>T,A>-,16093:C>T,16099:A>-,T,-,Inf,0.662650602409638,1
16093,16099,C,A,C>-,A>G,16093:C>-,16099:A>G,-,G,1.53845048012618,0.556826220872651,1
16093,16099,C,A,C>-,A>C,16093:C>-,16099:A>C,-,C,Inf,0.819277108433735,1
16093,16099,C,A,C>-,A>-,16093:C>-,16099:A>-,-,-,Inf,0.000978112618590011,0.230834577987243
16093,16105,C,T,C>T,T>G,16093:C>T,16105:T>G,T,G,Inf,0.956043956043956,1
16093,16105,C,T,C>-,T>G,16093:C>-,16105:T>G,-,G,0.955035637440512,0.754739268222414,1
16093,16108,C,T,C>T,T>G,16093:C>T,16108:T>G,T,G,Inf,0.868686868686869,1
16093,16108,C,T,C>-,T>G,16093:C>-,16108:T>G,-,G,1.01000122304251,0.647520216472686,1
16093,16108,C,T,C>-,T>C,16093:C>-,16108:T>C,-,C,3.35625215758962,0.412492269635127,1
16093,16110,C,T,C>T,T>G,16093:C>T,16110:T>G,T,G,Inf,0.962962962962963,1
16093,16110,C,T,C>-,T>G,16093:C>-,16110:T>G,-,G,0.443083308103151,0.913443506797937,1
16093,16111,C,T,C>-,T>G,16093:C>-,16111:T>G,-,G,2.84307280078989,0.127351899362604,1
16093,16118,C,A,C>-,A>C,16093:C>-,16118:A>C,-,C,0.98090742397675,0.605327640300133,1
16093,16120,C,A,C>-,A>C,16093:C>-,16120:A>C,-,C,2.70617536315659,0.103795216971166,1
16093,16133,C,T,C>-,T>A,16093:C>-,16133:T>A,-,A,Inf,0.60167714884696,1
16093,16133,C,T,C>-,T>G,16093:C>-,16133:T>G,-,G,6.35026690054541,0.0667197890283351,1
16093,16140,C,T,C>T,T>A,16093:C>T,16140:T>A,T,A,Inf,0.936507936507937,1
16093,16140,C,T,C>-,T>A,16093:C>-,16140:T>A,-,A,Inf,0.419531112286268,1
16095,16099,C,A,C>G,A>G,16095:C>G,16099:A>G,G,G,1.53996332551777,0.522697837420142,1
16095,16099,C,A,C>G,A>C,16095:C>G,16099:A>C,G,C,Inf,0.602409638554217,1
16095,16099,C,A,C>G,A>-,16095:C>G,16099:A>-,G,-,1.02993971125738,0.57112240322894,1
16095,16099,C,A,C>T,A>G,16095:C>T,16099:A>G,T,G,7.96160098642551,0.182365777473036,1
16095,16099,C,A,C>T,A>C,16095:C>T,16099:A>C,T,C,Inf,0.951807228915663,1
16095,16099,C,A,C>T,A>-,16095:C>T,16099:A>-,T,-,Inf,0.185596042707415,1
16095,16105,C,T,C>G,T>G,16095:C>G,16105:T>G,G,G,Inf,0.348837209302326,1
16095,16105,C,T,C>T,T>G,16095:C>T,16105:T>G,T,G,Inf,0.908618331053352,1
16095,16108,C,T,C>G,T>G,16095:C>G,16108:T>G,G,G,1.76723419056145,0.321180660708203,1
16095,16108,C,T,C>T,T>G,16095:C>T,16108:T>G,T,G,0.395126149391102,0.929909042268593,1
16095,16110,C,T,C>G,T>G,16095:C>G,16110:T>G,G,G,Inf,0.21871799086989,1
16095,16110,C,T,C>G,T>C,16095:C>G,16110:T>C,G,C,Inf,0.392405063291139,1
16095,16110,C,T,C>T,T>G,16095:C>T,16110:T>G,T,G,Inf,0.853892942500537,1
16095,16118,C,A,C>G,A>C,16095:C>G,16118:A>C,G,C,1.27007333477669,0.394811518144765,1
16095,16120,C,A,C>G,A>C,16095:C>G,16120:A>C,G,C,1.04710568963604,0.599331138668599,1
16095,16133,C,T,C>G,T>A,16095:C>G,16133:T>A,G,A,Inf,0.537735849056604,1
16095,16133,C,T,C>G,T>G,16095:C>G,16133:T>G,G,G,1.97082937098483,0.398097352148406,1
16095,16133,C,T,C>T,T>A,16095:C>T,16133:T>A,T,A,Inf,0.888969521044993,1
16095,16140,C,T,C>G,T>A,16095:C>G,16140:T>A,G,A,1.34386286140708,0.641556346296911,1
16095,16140,C,T,C>T,T>A,16095:C>T,16140:T>A,T,A,Inf,0.815864621893178,1
16099,16105,A,T,A>G,T>G,16099:A>G,16105:T>G,G,G,Inf,0.898154477101846,1
16099,16105,A,T,A>C,T>G,16099:A>C,16105:T>G,C,G,Inf,0.0259740259740251,1
16099,16105,A,T,A>-,T>G,16099:A>-,16105:T>G,-,G,Inf,0.102529049897471,1
16099,16108,A,T,A>G,T>G,16099:A>G,16108:T>G,G,G,Inf,0.727516787010458,1
16099,16108,A,T,A>C,T>G,16099:A>C,16108:T>G,C,G,Inf,0.0750000000000005,1
16099,16108,A,T,A>-,T>G,16099:A>-,16108:T>G,-,G,4.34411275559697,0.095702432144804,1
16099,16110,A,T,A>G,T>G,16099:A>G,16110:T>G,G,G,Inf,0.846427249166975,1
16099,16110,A,T,A>C,T>G,16099:A>C,16110:T>G,C,G,Inf,0.0399999999999989,1
16099,16110,A,T,A>C,T>C,16099:A>C,16110:T>C,C,C,Inf,0.986666666666667,1
16099,16110,A,T,A>-,T>G,16099:A>-,16110:T>G,-,G,3.92114105040848,0.274342835986672,1
16099,16110,A,T,A>-,T>C,16099:A>-,16110:T>C,-,C,Inf,0.653333333333333,1
16099,16111,A,T,A>C,T>G,16099:A>C,16111:T>G,C,G,Inf,0.939759036144578,1
16099,16111,A,T,A>-,T>G,16099:A>-,16111:T>G,-,G,Inf,0.119815166811116,1
16099,16118,A,A,A>-,A>C,16099:A>-,16118:A>C,-,C,5.97192679502244,0.00944672934096069,1
16099,16120,A,A,A>-,A>C,16099:A>-,16120:A>C,-,C,2.02372710143588,0.464984048574663,1
16099,16133,A,T,A>G,T>A,16099:A>G,16133:T>A,G,A,Inf,0.886877828054299,1
16099,16133,A,T,A>-,T>A,16099:A>-,16133:T>A,-,A,Inf,0.115384615384615,1
16099,16133,A,T,A>-,T>G,16099:A>-,16133:T>G,-,G,Inf,0.107064364207221,1
16099,16140,A,T,A>G,T>A,16099:A>G,16140:T>A,G,A,Inf,0.753206804269587,1
16099,16140,A,T,A>C,T>A,16099:A>C,16140:T>A,C,A,Inf,0.0666666666666664,1
16099,16140,A,T,A>-,T>A,16099:A>-,16140:T>A,-,A,Inf,0.00993571011104617,1
16105,16108,T,T,T>G,T>G,16105:T>G,16108:T>G,G,G,13.5995510221208,0.0121707829126984,1
16105,16108,T,T,T>G,T>C,16105:T>G,16108:T>C,G,C,0.0529530367988106,0.997503121098627,1
16105,16110,T,T,T>G,T>G,16105:T>G,16110:T>G,G,G,57.1645829303841,0.00588884799411115,1
16105,16110,T,T,T>G,T>C,16105:T>G,16110:T>C,G,C,Inf,0.961538461538461,1
16105,16111,T,T,T>G,T>G,16105:T>G,16111:T>G,G,G,Inf,0.751362645659177,1
16105,16118,T,A,T>G,A>C,16105:T>G,16118:A>C,G,C,Inf,0.384929677064509,1
16105,16120,T,A,T>G,A>C,16105:T>G,16120:A>C,G,C,Inf,0.687559631379856,1
16105,16133,T,T,T>G,T>A,16105:T>G,16133:T>A,G,A,20.6155642858931,0.10901467505241,1
16105,16133,T,T,T>G,T>G,16105:T>G,16133:T>G,G,G,Inf,0.821802935010482,1
16105,16140,T,T,T>G,T>A,16105:T>G,16140:T>A,G,A,32.4892747300532,0.0144009216589862,1
16108,16110,T,T,T>G,T>G,16108:T>G,16110:T>G,G,G,38.6466947428475,0.00240929413513544,0.563774827621693
16108,16110,T,T,T>G,T>C,16108:T>G,16110:T>C,G,C,Inf,0.902439024390244,1
16108,16110,T,T,T>C,T>G,16108:T>C,16110:T>G,C,G,Inf,0.951219512195122,1
16108,16111,T,T,T>G,T>G,16108:T>G,16111:T>G,G,G,Inf,0.462577356778388,1
16108,16118,T,A,T>G,A>C,16108:T>G,16118:A>C,G,C,Inf,0.0426639675574164,1
16108,16120,T,A,T>G,A>C,16108:T>G,16120:A>C,G,C,1.57258314714421,0.559267737456812,1
16108,16120,T,A,T>C,A>C,16108:T>C,16120:A>C,C,C,8.34146575244705,0.210884353741496,1
16108,16133,T,T,T>G,T>A,16108:T>G,16133:T>A,G,A,Inf,0.000762340384981895,0.180674671240709
16108,16133,T,T,T>G,T>G,16108:T>G,16133:T>G,G,G,Inf,0.548150332834017,1
16108,16140,T,T,T>G,T>A,16108:T>G,16140:T>A,G,A,Inf,2.75427463423233e-06,0.000663780186849991
16110,16111,T,T,T>G,T>G,16110:T>G,16111:T>G,G,G,Inf,0.773715595805747,1
16110,16118,T,A,T>G,A>C,16110:T>G,16118:A>C,G,C,Inf,0.465436005625879,1
16110,16118,T,A,T>C,A>C,16110:T>C,16118:A>C,C,C,Inf,0.222222222222222,1
16110,16120,T,A,T>G,A>C,16110:T>G,16120:A>C,G,C,Inf,0.759774964838256,1
16110,16133,T,T,T>G,T>A,16110:T>G,16133:T>A,G,A,66.5992794379299,0.00620867601999677,1
16110,16133,T,T,T>G,T>G,16110:T>G,16133:T>G,G,G,Inf,0.742783422028705,1
16110,16140,T,T,T>G,T>A,16110:T>G,16140:T>A,G,A,64.5133215630339,0.00103075226989576,0.242226783425503
16111,16118,T,A,T>G,A>C,16111:T>G,16118:A>C,G,C,Inf,2.67957329050813e-05,0.00643097589721952
16111,16133,T,T,T>G,T>A,16111:T>G,16133:T>A,G,A,Inf,0.747093577282256,1
16111,16133,T,T,T>G,T>G,16111:T>G,16133:T>G,G,G,9.59113358995736,0.0599354195358635,1
16111,16140,T,T,T>G,T>A,16111:T>G,16140:T>A,G,A,Inf,0.656617236617898,1
16118,16120,A,A,A>C,A>C,16118:A>C,16120:A>C,C,C,1.52747512203835,0.390351508226385,1
16118,16133,A,T,A>C,T>A,16118:A>C,16133:T>A,C,A,Inf,0.437583380979607,1
16118,16133,A,T,A>C,T>G,16118:A>C,16133:T>G,C,G,16.9055880270154,0.00900234307559504,1
16118,16140,A,T,A>C,T>A,16118:A>C,16140:T>A,C,A,Inf,0.38662671132264,1
16120,16133,A,T,A>C,T>A,16120:A>C,16133:T>A,C,A,Inf,0.793786925862398,1
16120,16133,A,T,A>C,T>G,16120:A>C,16133:T>G,C,G,14.2422870383159,0.0373986600401695,1
16120,16140,A,T,A>C,T>A,16120:A>C,16140:T>A,C,A,Inf,0.712262765144838,1
16133,16140,T,T,T>A,T>A,16133:T>A,16140:T>A,A,A,Inf,0.000170750448219927,0.0406386066763425
16133,16140,T,T,T>G,T>A,16133:T>G,16140:T>A,G,A,Inf,0.664492444292666,1
