MouseID,RCAID,1224:A>G,1228:G>A,1229:A>G,1233:A>G,1244:G>A,1253:A>G,1265:A>G,1270:G>A,1275:T>C,1288:A>G,1302:T>C,1328:A>G,1329:A>G,2631:A>G,2642:A>G,2659:C>T,2662:A>G,2679:A>G,2682:G>A,2687:A>G,2689:A>G,2691:C>T,2692:C>T,2708:A>G,2710:T>C,2717:C>T,2726:A>G,2992:T>C,2994:G>A,3008:A>G,3016:T>C,3021:A>G,3028:A>G,3051:G>T,3054:A>G,3069:G>A,3078:A>G,3088:T>C,3791:A>G,3869:C>T,6430:A>C,6432:G>C,6476:G>A,6484:T>C,6518:C>A,7572:A>G,7653:T>C,7656:C>T,8912:T>C,8914:A>G,8927:A>G,8932:C>T,8936:T>C,8960:A>G,8961:A>G,8972:A>G,8975:A>G,8982:C>T,8986:T>C,8990:A>G,8994:C>A,9009:T>C,9016:T>C,9027:G>A,9373:T>G,9383:A>G,9390:T>G,9391:A>G,9393:T>C,9404:A>G,9409:A>G,9416:T>C,9418:A>G,9419:C>T,9420:T>C,9423:C>T,9426:T>C,9428:A>G,9446:C>A,9447:C>A,9451:A>G,9453:A>G,9457:T>C,9459:A>G,9461:T>C,9463:A>G,9468:T>C,9475:T>C,9480:T>C,12811:G>A,12822:A>G,12831:A>T,12838:T>C,12846:A>G,12866:C>T,12874:T>C,13727:A>G,13728:T>C,13741:A>G,13744:A>G,13746:A>G,13747:A>G,13749:A>G,13755:G>A,13757:A>G,13760:C>T,13763:A>G,13766:A>del,13767:A>G,13778:A>T,13779:T>A,13780:A>G,13784:A>G,13785:C>A,13785:C>T,13786:C>A,13786:C>G,13786:C>T,13787:C>T,13788:C>A,13788:C>T,13789:C>A,13796:A>del,13801:A>G,13803:C>A,13822:T>C,15197:C>T,15219:T>C,15266:C>T,16045:G>A,16047:T>C,16052:A>G,16054:A>G,16073:C>T,16086:C>A,16090:A>del,16091:A>C,16092:A>C,16093:C>T,16093:C>del,16094:C>G,16095:C>G,16096:C>G,16096:C>T,16099:A>C,16099:A>del,16105:T>G,16108:T>G,16110:T>G,16111:T>G,16113:A>C,16114:T>A,16118:A>C,16119:A>C,16120:A>C,16124:C>G,16125:A>C,16125:A>G,16133:T>A,16133:T>G,16140:T>A
Mouse02,R20,2,2,2,2,2,2,2,2,2,2,2,2,2,4,3,3,3,3,3,3,3,3,3,3,3,3,3,4,4,4,4,4,4,4,4,4,4,4,4,4,4,4,4,4,4,2,2,2,5,5,5,5,5,5,5,5,5,5,5,5,5,5,5,5,4,4,4,4,4,4,4,4,4,4,4,4,4,4,4,4,4,4,4,4,4,4,4,4,4,5,5,5,5,5,5,5,5,5,5,5,5,5,5,5,5,5,5,5,5,5,5,5,5,5,5,5,5,5,5,5,5,5,5,5,5,5,2,2,1,2,2,2,2,2,2,1,0,0,0,0,0,0,0,0,0,0,0,0,0,0,1,0,0,0,0,2,2,2,0,0,0
Mouse03,R22,7,7,7,7,7,7,7,7,7,7,7,7,7,8,8,8,8,8,8,8,8,8,8,8,8,8,8,8,8,8,8,8,8,8,8,8,8,8,8,8,8,8,8,8,8,8,8,8,8,8,8,8,8,8,8,8,8,8,8,8,8,8,8,8,8,8,8,8,8,8,8,8,8,8,8,8,8,8,7,7,8,8,7,7,7,7,8,7,7,8,8,8,8,8,8,8,8,8,8,8,8,8,8,8,8,8,8,8,8,8,8,8,8,8,8,8,8,8,8,8,8,8,8,8,8,8,6,6,6,7,7,7,7,7,7,5,3,2,5,5,3,3,3,3,2,2,2,2,2,3,2,3,2,3,2,6,6,6,2,2,2
Mouse04,R23,11,11,11,11,11,11,11,11,11,11,11,11,11,10,10,10,10,10,10,10,10,10,10,10,10,10,10,11,11,11,11,11,10,11,11,11,11,11,11,11,11,11,11,11,11,10,10,10,11,11,11,11,11,11,11,11,11,11,11,11,11,11,11,11,11,11,11,11,11,11,11,11,11,11,11,11,11,11,11,11,11,11,11,11,11,11,11,11,11,11,11,11,11,11,11,11,11,11,11,11,11,11,11,11,11,11,11,11,11,11,11,11,11,11,11,11,11,11,11,11,11,11,11,11,11,11,6,6,5,10,10,10,10,10,10,7,4,3,7,7,5,4,7,7,3,3,3,4,4,5,5,5,5,5,4,10,8,8,1,1,3
Mouse05,R24,10,10,10,10,10,10,10,10,10,10,10,10,10,10,10,10,10,10,10,10,10,10,10,9,10,10,10,10,10,10,10,10,10,10,10,10,10,10,10,10,10,10,10,10,10,10,10,10,10,10,10,10,10,10,10,10,10,10,10,10,10,10,10,10,10,10,10,10,10,10,10,10,10,10,10,10,10,10,10,10,10,10,10,10,10,10,10,10,10,10,10,10,10,10,10,10,10,10,10,10,10,10,10,10,10,10,10,10,10,10,10,10,10,10,10,10,10,10,10,10,10,10,10,10,10,10,5,5,5,8,8,8,8,8,8,6,5,5,6,6,5,5,6,6,5,5,5,5,5,6,5,5,5,5,5,8,6,6,4,4,4
Mouse06,R25,5,5,5,5,5,5,5,5,5,5,5,5,5,5,5,5,5,5,5,5,5,5,5,5,5,5,5,5,5,5,5,5,5,5,5,5,5,5,5,5,5,5,5,5,5,5,5,5,5,5,5,5,5,5,5,5,5,5,5,5,5,5,5,5,5,5,5,5,5,5,5,5,5,5,5,5,5,5,5,5,5,5,5,5,5,5,5,5,5,5,5,5,5,5,5,5,5,5,5,5,5,5,5,5,5,5,5,5,5,5,5,5,5,5,5,5,5,5,5,5,5,5,5,5,5,5,5,5,5,5,5,5,5,5,5,4,4,3,3,3,3,3,3,3,2,2,3,3,3,3,3,3,3,3,3,5,4,4,3,3,3
Mouse07,"R29,R22,R23",9,9,9,9,9,9,9,9,9,9,9,9,9,9,9,9,9,9,9,9,9,9,9,9,9,9,9,9,9,9,9,9,9,9,9,9,9,9,9,9,9,9,9,9,9,9,9,9,9,9,9,9,9,9,9,9,9,9,9,9,9,9,9,9,9,9,9,9,9,9,9,9,9,9,9,9,9,9,9,9,9,9,9,9,9,9,9,9,9,9,9,9,9,9,9,9,9,9,9,9,9,9,9,9,9,9,9,9,9,9,9,9,9,9,9,9,9,9,9,9,9,9,9,9,9,9,8,8,8,9,9,9,9,9,9,7,6,5,6,6,6,6,6,6,5,5,6,6,5,6,7,7,6,6,6,8,8,8,5,5,4
Mouse08,R30,13,13,13,13,13,13,13,13,13,13,13,13,13,13,13,13,13,13,13,13,13,13,13,13,13,13,13,13,13,13,13,13,13,13,13,13,13,13,13,13,12,12,12,12,12,11,11,11,13,13,13,13,13,13,13,13,13,13,13,13,13,13,13,13,13,13,13,13,13,13,13,13,13,13,13,13,13,13,13,13,13,13,13,13,13,13,13,13,13,13,13,13,13,13,13,13,13,13,13,13,13,13,13,13,13,13,13,13,13,13,13,13,13,13,13,13,13,13,13,13,13,13,13,13,13,13,11,11,11,13,13,13,13,12,12,6,6,5,6,6,6,6,6,6,5,5,6,6,6,6,6,6,6,7,6,11,8,8,7,7,7
Mouse09,R45,6,6,6,6,6,6,6,6,6,6,6,6,6,6,6,6,6,6,6,6,6,6,6,6,6,6,6,6,6,6,6,6,6,6,6,6,6,6,6,6,6,6,6,6,6,6,6,6,6,6,6,6,6,6,6,6,6,6,6,6,6,6,6,6,6,6,6,6,6,6,6,6,6,6,6,6,6,6,6,6,6,6,6,6,6,6,6,6,6,6,6,6,6,6,6,6,6,6,6,6,6,6,6,6,6,6,6,6,6,6,6,6,6,6,6,6,6,6,6,6,6,6,6,6,6,6,6,6,6,6,6,6,6,6,6,6,6,6,6,6,6,6,6,6,6,6,6,6,6,6,6,6,6,6,6,6,6,6,6,6,6
Mouse10,R46,4,4,4,4,4,4,4,4,4,4,4,4,4,4,4,4,4,4,4,4,4,4,4,4,4,4,4,4,4,4,4,4,4,4,4,4,4,4,4,4,4,4,4,4,4,4,4,4,4,4,4,4,4,4,4,4,4,4,4,4,4,4,4,4,4,4,4,4,4,4,4,4,4,4,4,4,4,4,4,4,4,4,4,4,4,4,4,4,4,4,4,4,4,4,4,4,4,4,4,4,4,4,4,4,4,4,4,4,4,4,4,4,4,4,4,4,4,4,4,4,4,4,4,4,4,4,4,4,4,4,4,4,4,4,4,4,4,4,4,4,4,4,4,4,4,4,4,4,4,4,4,4,4,4,4,4,4,4,4,4,4
Mouse11,R46,3,3,3,3,3,3,3,3,3,3,3,3,3,2,2,2,2,2,2,2,2,2,2,2,2,2,2,3,2,3,2,2,2,2,3,2,2,2,3,3,3,3,3,3,3,2,2,2,3,3,3,3,3,3,3,3,3,3,3,3,3,3,3,2,3,3,3,3,3,3,3,3,3,3,3,3,3,3,3,3,3,3,3,3,3,3,3,3,3,3,3,3,3,3,3,3,3,3,3,3,3,3,3,3,3,3,3,3,3,3,3,3,3,3,3,3,3,3,3,3,3,3,3,3,3,3,1,1,1,3,3,3,3,3,3,1,1,1,1,1,1,1,1,1,1,1,1,1,1,1,2,1,1,1,1,2,2,2,1,1,1
Mouse12,R53,6,6,6,6,6,6,6,6,6,6,6,6,6,6,6,6,6,6,6,6,6,6,6,6,6,6,6,6,6,6,6,6,6,6,6,6,6,6,6,6,6,6,6,6,6,6,5,5,6,6,6,6,6,6,6,6,6,6,6,6,6,6,6,6,6,6,6,6,6,6,6,6,6,6,6,6,6,6,6,6,6,6,6,6,6,6,6,6,6,6,6,6,6,6,6,6,6,6,6,6,6,6,6,6,6,6,6,6,6,6,6,6,6,6,6,6,6,6,6,6,6,6,6,6,6,6,6,6,6,6,6,6,6,6,6,6,6,6,6,6,6,6,6,6,6,6,6,6,6,6,6,6,6,6,6,6,6,6,6,6,6
Mouse13,R48,9,9,9,9,9,9,9,9,9,9,9,9,9,9,9,8,8,8,8,8,8,9,8,8,9,8,8,9,9,9,9,9,9,9,9,9,9,9,7,8,9,9,9,9,9,5,5,5,11,11,11,11,11,11,11,11,11,11,11,11,11,11,11,10,11,11,11,11,11,11,11,11,11,11,11,11,11,9,11,10,11,11,11,11,11,11,11,11,11,11,11,11,11,11,11,11,11,11,11,11,11,11,11,11,11,11,11,11,11,11,11,11,11,11,11,11,11,11,11,11,11,11,11,11,11,11,10,10,10,8,8,8,8,8,8,7,6,4,6,6,4,3,4,4,3,3,3,3,3,6,8,6,6,6,6,8,7,7,6,6,6
Mouse16&17,R61,11,11,11,11,11,11,11,11,11,11,11,11,11,11,11,11,11,11,11,11,11,11,11,11,11,11,11,11,11,11,11,11,11,11,11,11,11,11,11,11,11,11,11,11,11,8,8,7,11,11,11,11,11,11,11,11,11,11,11,11,11,11,11,11,11,11,11,11,11,11,11,11,11,11,11,11,11,11,11,11,11,11,11,11,11,11,11,11,11,11,11,11,11,11,11,11,11,11,11,11,11,11,11,11,11,11,11,11,11,11,11,11,11,11,11,11,11,11,11,11,11,11,11,11,11,11,11,11,11,11,11,11,11,11,11,9,5,3,8,8,4,4,6,6,3,3,5,6,5,8,9,8,8,9,7,11,9,9,9,9,9
