pos,SNVID,ref,is_softmasked,nhomopolymer,does_new_begin,does_old_end,basefrac_bin10_A,basefrac_bin10_C,basefrac_bin10_G,basefrac_bin10_T,is_in_range,is_in_primer,dist5,dist3,nmice,ncells,nmitos,smito_A,smito_C,smito_G,smito_T,smito_del,evo_A,evo_C,evo_G,evo_T,evo_del,smito_major,evo_major,smito_topminor,evo_topminor
1235,SNV12,T,N,1,1,1,0.545454545454545,0.0909090909090909,0.0909090909090909,0.272727272727273,Y,N,34,115,2,2,2,0,6.56250000000001,9.06249999999999,84.375,0,0,5.88235294117647,0,94.1176470588235,0,T,T,G,C
1248,SNV12,G,N,1,1,1,0.636363636363636,0.0909090909090909,0.181818181818182,0.0909090909090909,Y,N,47,102,3,5,5,2.90909090909091,0.318181818181819,88.7272727272728,8.04545454545453,0,17.6470588235294,0,82.3529411764706,0,0,G,G,T,A
1251,SNV12,C,N,1,1,1,0.636363636363636,0.181818181818182,0.181818181818182,0,Y,N,50,99,2,2,2,0,77.1545827633379,0,22.8454172366621,0,0,94.1176470588235,0,5.88235294117647,0,C,C,T,T
2615,SNV10,T,N,2,1,0,0.363636363636364,0.181818181818182,0,0.454545454545455,Y,N,24,177,1,1,1,0,8.23529411764705,0,91.764705882353,0,0,5.88235294117647,0,94.1176470588235,0,T,T,C,C
2628,SNV10,A,N,4,1,0,0.545454545454545,0.0909090909090909,0.0909090909090909,0.272727272727273,Y,N,37,164,3,3,3,93.8732394366197,0,5.63380281690141,0,0.492957746478873,94.1176470588235,0,0,0,5.88235294117647,A,A,G,del
2635,SNV10,A,N,3,1,0,0.636363636363636,0.0909090909090909,0,0.272727272727273,Y,N,44,157,2,2,2,91.7018284106892,0,8.29817158931084,0,0,94.1176470588235,0,0,5.88235294117647,0,A,A,G,T
2646,SNV10,A,N,1,1,1,0.454545454545455,0.0909090909090909,0.0909090909090909,0.363636363636364,Y,N,55,146,2,2,2,91.3846153846154,0,8.61538461538461,0,0,94.1176470588235,0,5.88235294117647,0,0,A,A,G,G
2649,SNV10,C,N,1,1,1,0.454545454545455,0.181818181818182,0.0909090909090909,0.272727272727273,Y,N,58,143,3,4,4,1.2972972972973,92.8648648648649,0,5.83783783783782,0,0,94.1176470588235,0,5.88235294117647,0,C,C,T,T
2655,SNV10,C,N,3,1,0,0.181818181818182,0.454545454545455,0.0909090909090909,0.272727272727273,Y,N,64,137,1,1,1,0,85.0553505535055,0,14.9446494464945,0,0,94.1176470588235,0,5.88235294117647,0,C,C,T,T
2656,SNV10,C,N,3,0,0,0.272727272727273,0.454545454545455,0,0.272727272727273,Y,N,65,136,3,3,3,3.37243401759531,93.5483870967742,0,3.0791788856305,0,0,94.1176470588235,0,5.88235294117647,0,C,C,A,T
3002,SNV7,T,N,1,1,1,0.272727272727273,0.0909090909090909,0.181818181818182,0.454545454545455,Y,N,32,154,1,1,1,0,35.8974358974359,0,64.1025641025641,0,0,5.88235294117647,0,94.1176470588235,0,T,T,C,C
3014,SNV7,C,N,4,0,0,0.0909090909090909,0.545454545454545,0.0909090909090909,0.272727272727273,Y,N,44,142,1,1,1,0.12853470437018,89.4601542416453,0,10.4113110539846,0,0,94.1176470588235,0,5.88235294117647,0,C,C,T,T
3026,SNV7,A,N,1,1,1,0.363636363636364,0.545454545454545,0,0.0909090909090909,Y,N,56,130,1,1,1,89.3203883495146,0,10.6796116504854,0,0,94.1176470588235,0,0,5.88235294117647,0,A,A,G,T
3027,SNV7,C,N,1,1,1,0.363636363636364,0.545454545454545,0,0.0909090909090909,Y,N,57,129,2,2,2,0,93.2038834951456,0,6.79611650485437,0,0,94.1176470588235,0,5.88235294117647,0,C,C,T,T
3041,SNV7,T,N,3,1,0,0.545454545454545,0,0,0.454545454545455,Y,N,71,115,1,1,1,0,6.77290836653386,0,93.2270916334661,0,0,5.88235294117647,0,94.1176470588235,0,T,T,C,C
3048,SNV7,C,N,2,0,1,0.363636363636364,0.181818181818182,0.272727272727273,0.181818181818182,Y,N,78,108,1,2,2,0.517598343685301,94.5134575569358,0,4.96894409937888,0,0,88.2352941176471,0,11.7647058823529,0,C,C,T,T
3077,SNV7,T,N,1,1,1,0.272727272727273,0.363636363636364,0.0909090909090909,0.272727272727273,Y,N,107,79,1,1,1,0,6.74157303370787,0,93.2584269662921,0,0,17.6470588235294,0,82.3529411764706,0,T,T,C,C
3089,SNV7,T,N,3,0,0,0.181818181818182,0.272727272727273,0.0909090909090909,0.454545454545455,Y,N,119,67,1,1,1,0,6.94444444444445,0,93.0555555555556,0,0,5.88235294117647,0,94.1176470588235,0,T,T,C,C
3095,SNV7,C,N,2,0,1,0.181818181818182,0.363636363636364,0,0.454545454545455,Y,N,125,61,3,3,3,1.13207547169811,93.7735849056604,0,5.09433962264151,0,0,94.1176470588235,0,5.88235294117647,0,C,C,T,T
3099,SNV7,C,N,1,1,1,0.272727272727273,0.272727272727273,0.0909090909090909,0.363636363636364,Y,N,129,57,1,1,1,0,94.9554896142433,0,5.04451038575668,0,0,94.1176470588235,0,5.88235294117647,0,C,C,T,T
6434,SNV4,T,N,1,1,1,0.454545454545455,0.272727272727273,0.0909090909090909,0.181818181818182,Y,N,25,146,1,1,1,0,0.0651041666666667,14.2578125,85.6770833333333,0,0,5.88235294117647,0,94.1176470588235,0,T,T,G,C
6461,SNV4,C,N,1,1,1,0.181818181818182,0.272727272727273,0.0909090909090909,0.454545454545455,Y,N,52,119,1,1,2,2.94708640321501,90.4219691895512,0,6.63094440723376,0,0,82.3529411764706,0,17.6470588235294,0,C,C,T,T
6468,SNV4,C,N,1,1,1,0.272727272727273,0.181818181818182,0.0909090909090909,0.454545454545455,Y,N,59,112,1,1,1,0.0773254491698886,94.7327723447805,0.00454855583352286,5.18535365021606,0,0,94.1176470588235,0,5.88235294117647,0,C,C,T,T
6476,SNV4,G,N,3,1,0,0.272727272727273,0.181818181818182,0.363636363636364,0.181818181818182,Y,N,67,104,5,5,5,5.16989785282468,12.2159683135293,82.6037106524912,0.0104231811548885,0,5.88235294117647,0,94.1176470588235,0,0,G,G,C,A
6488,SNV4,T,N,3,0,1,0.0909090909090909,0.0909090909090909,0.272727272727273,0.545454545454545,Y,N,79,92,1,1,1,0,12.4113475177305,0,87.5886524822695,0,0,5.88235294117647,0,94.1176470588235,0,T,T,C,C
6535,SNV4,T,N,2,0,1,0.181818181818182,0.454545454545455,0.181818181818182,0.181818181818182,Y,N,126,45,1,1,1,0.103376981392143,6.54720882150241,0.0689179875947622,93.2804962095107,0,5.88235294117647,0,0,94.1176470588235,0,T,T,C,A
7582,SNV9,G,N,3,0,1,0.181818181818182,0.181818181818182,0.272727272727273,0.363636363636364,Y,N,42,143,1,1,1,10.4,0,89.6,0,0,11.7647058823529,0,88.2352941176471,0,0,G,G,A,A
7591,SNV9,T,N,1,1,1,0.181818181818182,0.272727272727273,0.181818181818182,0.363636363636364,Y,N,51,134,2,2,2,0,3.66300366300366,6.95970695970694,89.3772893772894,0,0,5.88235294117647,0,94.1176470588235,0,T,T,G,C
7633,SNV9,G,N,1,1,1,0.181818181818182,0.272727272727273,0.0909090909090909,0.454545454545455,Y,N,93,92,1,1,1,0,0,87.5,12.5,0,17.6470588235294,0,82.3529411764706,0,0,G,G,T,A
7645,SNV9,A,N,1,1,1,0.363636363636364,0.181818181818182,0.181818181818182,0.272727272727273,Y,N,105,80,1,2,2,93.5309973045822,0,6.46900269541779,0,0,94.1176470588235,0,0,5.88235294117647,0,A,A,G,T
7651,SNV9,G,N,2,1,0,0.272727272727273,0.181818181818182,0.272727272727273,0.272727272727273,Y,N,111,74,1,1,1,5.88235294117647,0,94.1176470588235,0,0,5.88235294117647,0,94.1176470588235,0,0,G,G,A,A
7669,SNV9,C,N,1,1,1,0.454545454545455,0.0909090909090909,0.0909090909090909,0.363636363636364,Y,N,129,56,1,1,1,6.0377358490566,93.5849056603774,0,0.377358490566038,0,0,94.1176470588235,0,5.88235294117647,0,C,C,A,T
8942,SNV3,A,N,1,1,1,0.272727272727273,0.0909090909090909,0.454545454545455,0.181818181818182,Y,N,54,151,1,1,1,86.92342140618,0,13.07657859382,0,0,94.1176470588235,0,0,5.88235294117647,0,A,A,G,T
8984,SNV3,T,N,1,1,1,0.363636363636364,0.363636363636364,0.0909090909090909,0.181818181818182,Y,N,96,109,1,2,2,9.77961989486453,0.0748079255964415,0.00606550748079256,90.1374848362313,0.00202183582693085,0,5.88235294117647,0,94.1176470588235,0,T,T,A,C
8990,SNV3,A,N,2,0,1,0.272727272727273,0.363636363636364,0.181818181818182,0.181818181818182,Y,N,102,103,5,6,7,93.3366697647816,0.0157288911131765,5.64238221205405,1.00521913205119,0,94.1176470588235,0,5.88235294117647,0,0,A,A,G,G
8993,SNV3,C,N,3,1,0,0.272727272727273,0.363636363636364,0.181818181818182,0.181818181818182,Y,N,105,100,3,3,4,2.78640776699029,91.5825242718447,0.0194174757281553,0.155339805825243,5.45631067961165,0,94.1176470588235,0,5.88235294117647,0,C,C,del,T
9002,SNV3,T,N,2,0,1,0.363636363636364,0.272727272727273,0,0.363636363636364,Y,N,114,91,1,2,2,0,6.48562300319489,0,93.5143769968051,0,0,11.7647058823529,0,88.2352941176471,0,T,T,C,C
9008,SNV3,T,N,2,1,0,0.363636363636364,0.181818181818182,0.0909090909090909,0.363636363636364,Y,N,120,85,2,3,5,0.0847571039835839,9.10469732792078,0.0223045010483115,90.7882410670473,0,17.6470588235294,0,0,82.3529411764706,0,T,T,C,A
9391,SNV1,A,N,1,1,1,0.181818181818182,0.454545454545455,0,0.363636363636364,Y,N,41,143,3,3,4,93.5084207136958,0.0125995716145651,6.46554017163416,0.0100796572916521,0.00335988576388403,94.1176470588235,0,5.88235294117647,0,0,A,A,G,G
9406,SNV1,T,N,2,1,0,0.545454545454545,0,0,0.454545454545455,Y,N,56,128,1,1,1,0.0199183348272084,5.72154167911563,0.00995916741360421,94.2485808186436,0,0,5.88235294117647,0,94.1176470588235,0,T,T,C,C
9434,SNV1,T,N,2,1,0,0.272727272727273,0.0909090909090909,0.272727272727273,0.363636363636364,Y,N,84,100,1,1,1,0,5.12820512820513,0,94.8717948717949,0,0,5.88235294117647,0,94.1176470588235,0,T,T,C,C
9439,SNV1,A,N,2,1,0,0.454545454545455,0.0909090909090909,0.0909090909090909,0.363636363636364,Y,N,89,95,1,1,2,92.2506738544474,0,7.74932614555257,0,0,94.1176470588235,0,5.88235294117647,0,0,A,A,G,G
9445,SNV1,C,N,3,1,0,0.545454545454545,0.272727272727273,0.0909090909090909,0.0909090909090909,Y,N,95,89,3,3,3,0.037162556970901,93.2885357017646,0.00070118032020568,6.62007712983523,0.0535234311090336,0,94.1176470588235,0,5.88235294117647,0,C,C,T,T
9461,SNV1,T,N,2,0,1,0.363636363636364,0.181818181818182,0.0909090909090909,0.363636363636364,Y,N,111,73,13,100,1198,0.0663730207264348,98.6348783816267,0.00478707975490237,1.29396151789194,0,0,88.2352941176471,0,11.7647058823529,0,C,C,C,C
9472,SNV1,C,N,1,1,1,0.272727272727273,0.181818181818182,0.181818181818182,0.363636363636364,Y,N,122,62,1,1,1,5.66037735849057,94.3396226415094,0,0,0,0,94.1176470588235,0,5.88235294117647,0,C,C,A,T
9474,SNV1,G,N,1,1,1,0.272727272727273,0.272727272727273,0.0909090909090909,0.363636363636364,Y,N,124,60,2,2,2,4.10415856976293,7.02681694520015,88.8223863194714,0.0466381655654878,0,5.88235294117647,0,94.1176470588235,0,0,G,G,C,A
9476,SNV1,T,N,2,0,1,0.181818181818182,0.181818181818182,0.0909090909090909,0.545454545454545,Y,N,126,58,2,2,2,0.0363504180298074,6.83387858960378,0,93.1297709923664,0,0,11.7647058823529,0,88.2352941176471,0,T,T,C,C
12839,SNV2,A,N,1,1,1,0.363636363636364,0.272727272727273,0,0.363636363636364,Y,N,56,134,1,1,1,89.6243635315593,0.0192141416082237,10.3564223268325,0,0,94.1176470588235,0,5.88235294117647,0,0,A,A,G,G
12848,SNV2,A,N,1,1,1,0.272727272727273,0.363636363636364,0,0.363636363636364,Y,N,65,125,1,1,1,85.8141567142441,0,14.1567142441014,0.0291290416545296,0,88.2352941176471,11.7647058823529,0,0,0,A,A,G,C
12858,SNV2,C,N,2,0,1,0.272727272727273,0.272727272727273,0.181818181818182,0.272727272727273,Y,N,75,115,3,3,3,0.834724540901503,92.4874791318865,0,6.67779632721202,0,0,94.1176470588235,0,5.88235294117647,0,C,C,T,T
12875,SNV2,C,N,1,1,1,0.0909090909090909,0.545454545454545,0.181818181818182,0.181818181818182,Y,N,92,98,2,2,2,0,91.0588235294118,2.19607843137255,6.74509803921567,0,5.88235294117647,94.1176470588235,0,0,0,C,C,T,A
12889,SNV2,T,N,1,1,1,0.454545454545455,0.181818181818182,0.181818181818182,0.181818181818182,Y,N,106,84,1,1,1,0,5.55555555555556,0,94.4444444444444,0,0,5.88235294117647,0,94.1176470588235,0,T,T,C,C
12890,SNV2,A,N,1,1,1,0.363636363636364,0.181818181818182,0.181818181818182,0.272727272727273,Y,N,107,83,1,1,1,94.6259985475672,0.0726216412490922,5.30137981118373,0,0,82.3529411764706,0,17.6470588235294,0,0,A,A,G,G
12905,SNV2,G,N,3,0,1,0.272727272727273,0.181818181818182,0.272727272727273,0.272727272727273,Y,N,122,68,1,1,1,6.94842406876791,0.0716332378223496,92.8008595988539,0.179083094555874,0,5.88235294117647,0,94.1176470588235,0,0,G,G,A,A
13728,SNV6,T,N,2,1,0,0.363636363636364,0.181818181818182,0,0.454545454545455,Y,N,27,161,3,3,3,0.0180633991227323,5.46094045553847,0.00272655081097845,94.5117940363517,0.00647555817607383,0,5.88235294117647,0,94.1176470588235,0,T,T,C,C
13735,SNV6,A,N,2,1,0,0.272727272727273,0.454545454545455,0,0.272727272727273,Y,N,34,154,1,1,1,89.9887934254763,0.0373552484124019,9.97385132611132,0,0,94.1176470588235,0,5.88235294117647,0,0,A,A,G,G
13737,SNV6,C,N,1,1,1,0.272727272727273,0.363636363636364,0,0.363636363636364,Y,N,36,152,1,2,2,0,93.3682373472949,0,6.63176265270506,0,0,94.1176470588235,0,5.88235294117647,0,C,C,T,T
13744,SNV6,A,N,1,1,1,0.454545454545455,0.181818181818182,0,0.363636363636364,Y,N,43,145,4,6,6,91.8246527537356,0.00346207641495064,8.14938167315229,0.022157289055684,0.000346207641495063,94.1176470588235,0,5.88235294117647,0,0,A,A,G,G
13747,SNV6,A,N,2,0,1,0.454545454545455,0.0909090909090909,0,0.454545454545455,Y,N,46,142,8,16,21,92.7264533988127,0.00735723515103025,7.22986301747804,0.0363263485582118,0,94.1176470588235,0,5.88235294117647,0,0,A,A,G,G
13757,SNV6,A,N,1,1,1,0.545454545454545,0.272727272727273,0.0909090909090909,0.0909090909090909,Y,N,56,132,3,6,8,93.6186087338161,0.010972130787799,6.32214175992978,0.0482773754663157,0,94.1176470588235,0,5.88235294117647,0,0,A,A,G,G
13760,SNV6,C,N,1,1,1,0.454545454545455,0.272727272727273,0.0909090909090909,0.181818181818182,Y,N,59,129,5,25,45,0.0339946196169939,90.5398429532511,0.00251811997162918,9.42028681386477,0.00335749329550558,0,82.3529411764706,0,17.6470588235294,0,C,C,T,T
13762,SNV6,A,N,3,0,0,0.636363636363636,0.181818181818182,0,0.181818181818182,Y,N,61,127,2,4,4,89.81189725962,0,10.18810274038,0,0,94.1176470588235,5.88235294117647,0,0,0,A,A,G,C
13764,SNV6,T,N,2,1,0,0.727272727272727,0.0909090909090909,0,0.181818181818182,Y,N,63,125,2,4,4,0.0594723612113331,6.41984315155937,0.00713668334535998,93.4897588593994,0.0237889444845332,0,5.88235294117647,0,94.1176470588235,0,T,T,C,C
13767,SNV6,A,N,7,0,0,0.818181818181818,0,0,0.181818181818182,Y,N,66,122,3,4,4,80.833216176953,0.00937251042691781,0.731055813299592,18.4263554993205,0,94.1176470588235,5.88235294117647,0,0,0,A,A,T,C
13770,SNV6,A,N,7,0,0,0.636363636363636,0.181818181818182,0,0.181818181818182,Y,N,69,119,1,1,1,92.814371257485,0.0315159155373464,7.15411282697762,0,0,94.1176470588235,5.88235294117647,0,0,0,A,A,G,C
13771,SNV6,A,N,7,0,0,0.636363636363636,0.272727272727273,0,0.0909090909090909,Y,N,70,118,1,1,1,92.7581699346405,0.0261437908496732,7.2156862745098,0,0,94.1176470588235,0,0,5.88235294117647,0,A,A,G,T
13782,SNV6,T,N,1,1,1,0.363636363636364,0.363636363636364,0,0.272727272727273,Y,N,81,107,1,1,1,0,5.12820512820513,0,94.8717948717949,0,0,5.88235294117647,0,94.1176470588235,0,T,T,C,C
13783,SNV6,C,N,1,1,1,0.363636363636364,0.454545454545455,0,0.181818181818182,Y,N,82,106,1,1,1,10.9141146672807,89.0398342159797,0,0.0460511167395809,0,0,94.1176470588235,0,5.88235294117647,0,C,C,A,T
13786,SNV6,C,N,5,0,0,0.363636363636364,0.545454545454545,0,0.0909090909090909,Y,N,85,103,12,41,63,0.570091469900021,90.4445862582429,3.98922215131532,4.99610012054173,0,0,94.1176470588235,0,5.88235294117647,0,C,C,T,T
13789,SNV6,C,N,5,0,1,0.363636363636364,0.545454545454545,0,0.0909090909090909,Y,N,88,100,5,5,6,5.89221891659844,93.0655112513228,0.0059900565061997,1.03627977557255,0,0,94.1176470588235,0,5.88235294117647,0,C,C,A,T
13797,SNV6,A,N,6,0,0,0.636363636363636,0.181818181818182,0,0.181818181818182,Y,N,96,92,2,2,2,91.7293233082707,3.95989974937344,4.26065162907268,0.0501253132832081,0,94.1176470588235,0,5.88235294117647,0,0,A,A,G,G
13813,SNV6,T,N,1,1,1,0.363636363636364,0.0909090909090909,0.0909090909090909,0.454545454545455,Y,N,112,76,3,3,4,0.0376785096605228,15.6131096506399,0.0302663438256659,84.3177101349014,0.00123536097247616,0,17.6470588235294,0,82.3529411764706,0,T,T,C,C
13816,SNV6,G,N,1,1,1,0.454545454545455,0.0909090909090909,0.181818181818182,0.272727272727273,Y,N,115,73,2,2,2,16.6539426327844,0,83.2915257934344,0.0545315737812193,0,5.88235294117647,0,94.1176470588235,0,0,G,G,A,A
13840,SNV6,T,N,2,1,0,0.181818181818182,0.272727272727273,0.181818181818182,0.363636363636364,Y,N,139,49,1,1,1,0,5.29595015576324,0.311526479750779,94.392523364486,0,0,23.5294117647059,0,76.4705882352941,0,T,T,C,C
15191,SNV11,C,N,1,1,1,0.272727272727273,0.0909090909090909,0.181818181818182,0.454545454545455,Y,N,36,139,2,2,2,0,91.8918918918919,0,8.1081081081081,0,0,94.1176470588235,0,5.88235294117647,0,C,C,T,T
15201,SNV11,C,N,1,1,1,0.272727272727273,0.454545454545455,0.181818181818182,0.0909090909090909,Y,N,46,129,1,1,1,0,92.1875,0,7.8125,0,0,94.1176470588235,0,5.88235294117647,0,C,C,T,T
15206,SNV11,C,N,2,0,1,0.181818181818182,0.454545454545455,0.0909090909090909,0.272727272727273,Y,N,51,124,1,1,1,0,67.816091954023,0,32.183908045977,0,0,94.1176470588235,0,5.88235294117647,0,C,C,T,T
15260,SNV11,C,N,1,1,1,0.454545454545455,0.0909090909090909,0.181818181818182,0.272727272727273,Y,N,105,70,1,1,1,0,74.1935483870968,0,25.8064516129032,0,0,88.2352941176471,0,11.7647058823529,0,C,C,T,T
16028,SNV8,T,N,1,1,1,0.272727272727273,0.363636363636364,0.181818181818182,0.181818181818182,Y,N,20,156,2,2,2,0.189214758751183,30.7473982970672,0,69.0633869441817,0,0,5.88235294117647,0,94.1176470588235,0,T,T,C,C
16049,SNV8,G,N,1,1,1,0.181818181818182,0.0909090909090909,0.272727272727273,0.454545454545455,Y,N,41,135,1,1,1,6.22950819672131,0,93.7704918032787,0,0,0,0,94.1176470588235,5.88235294117647,0,G,G,A,T
16060,SNV8,A,N,3,0,1,0.454545454545455,0.181818181818182,0.0909090909090909,0.272727272727273,Y,N,52,124,1,1,1,69.1358024691358,0,30.8641975308642,0,0,94.1176470588235,0,0,5.88235294117647,0,A,A,G,T
16062,SNV8,G,N,1,1,1,0.363636363636364,0.181818181818182,0.0909090909090909,0.363636363636364,Y,N,54,122,1,1,1,12.4449339207048,0,87.5550660792952,0,0,0,0,94.1176470588235,5.88235294117647,0,G,G,A,T
16063,SNV8,C,N,1,1,1,0.363636363636364,0.272727272727273,0.0909090909090909,0.272727272727273,Y,N,55,121,1,1,1,0.0844238075137189,92.486281131279,0,7.42929506120726,0,0,94.1176470588235,0,5.88235294117647,0,C,C,T,T
16065,SNV8,A,N,1,1,1,0.363636363636364,0.272727272727273,0.0909090909090909,0.272727272727273,Y,N,57,119,1,1,1,94.9238578680203,0,5.0761421319797,0,0,94.1176470588235,0,0,5.88235294117647,0,A,A,G,T
16068,SNV8,C,N,1,1,1,0.363636363636364,0.363636363636364,0,0.272727272727273,Y,N,60,116,1,1,1,0,94.9673811742777,0,5.03261882572227,0,0,94.1176470588235,0,5.88235294117647,0,C,C,T,T
16074,SNV8,C,N,2,0,1,0.545454545454545,0.181818181818182,0,0.272727272727273,Y,N,66,110,2,3,3,0,84.1417910447761,0,15.8582089552239,0,0,88.2352941176471,0,11.7647058823529,0,C,C,T,T
16076,SNV8,A,N,3,0,0,0.363636363636364,0.181818181818182,0,0.454545454545455,Y,N,68,108,1,3,4,42.3558897243108,0,57.6441102756892,0,0,94.1176470588235,0,5.88235294117647,0,0,G,A,G,G
16105,SNV8,T,N,1,1,1,0,0.727272727272727,0,0.272727272727273,Y,N,97,79,12,49,211,0.760636215404604,0.489595030051154,49.1888124524065,49.0425362571364,0.518420045001441,5.88235294117647,0,0,94.1176470588235,0,G,T,G,A
16113,SNV8,A,N,2,0,1,0.272727272727273,0.272727272727273,0.0909090909090909,0.363636363636364,Y,N,105,71,4,12,20,93.9628482972136,5.83677330581355,0.139318885448916,0.0610595115239078,0,94.1176470588235,0,5.88235294117647,0,0,A,A,C,G
