pos,ref,Rattus_norvegicus
14,A,-
19,C,T
51,A,T
52,A,C
53,T,A
54,T,A
55,G,A
56,T,A
100,A,G
108,A,G
124,C,A
131,G,A
158,A,G
160,T,C
166,T,C
179,T,C
190,T,-
194,A,T
201,T,C
207,A,G
260,A,G
279,T,C
289,T,C
348,C,T
365,T,C
377,A,C
378,A,T
379,A,C
380,T,A
381,A,T
432,A,G
434,T,C
455,G,A
467,A,G
473,C,T
518,A,C
526,A,T
537,T,C
538,T,C
540,A,-
547,C,T
570,C,T
572,T,C
647,C,T
649,C,A
655,C,T
659,A,C
660,T,C
661,C,T
665,T,C
712,T,C
714,T,C
726,A,C
732,T,-
771,A,G
772,T,C
775,G,A
798,A,T
800,A,C
802,A,G
813,T,G
815,T,A
838,T,A
884,T,A
930,A,G
934,A,G
935,A,G
936,A,C
937,C,A
940,A,C
942,C,T
947,T,C
948,T,A
949,A,T
951,T,A
954,C,T
955,T,C
957,G,C
958,A,T
959,C,A
961,T,C
962,C,A
963,C,A
964,G,A
1027,T,C
1041,A,C
1042,T,A
1043,T,C
1070,T,A
1076,G,A
1078,C,-
1079,C,A
1090,C,T
1110,G,C
1111,C,A
1112,C,A
1114,T,C
1116,C,A
1117,A,C
1121,A,C
1122,T,A
1123,A,T
1124,T,A
1126,A,C
1128,T,A
1130,T,A
1131,A,C
1133,T,C
1134,A,C
1135,T,C
1136,T,C
1138,T,C
1144,T,C
1145,C,T
1156,T,A
1158,C,T
1159,T,-
1160,A,-
1162,T,A
1185,C,T
1186,G,A
1187,T,C
1188,A,T
1189,C,T
1191,T,-
1193,T,C
1206,A,G
1207,C,A
1208,T,A
1224,A,T
1226,A,G
1240,A,T
1248,G,A
1251,C,T
1289,C,T
1301,C,T
1302,T,C
1303,T,C
1304,C,T
1309,T,A
1319,A,T
1320,C,A
1326,G,A
1327,A,G
1364,T,C
1375,T,C
1385,G,A
1397,A,G
1428,A,T
1450,A,G
1460,T,-
1467,A,C
1475,T,C
1481,A,G
1485,G,A
1487,T,C
1489,A,T
1490,A,C
1492,A,G
1499,A,-
1509,A,T
1514,G,A
1515,T,C
1519,G,A
1521,T,A
1547,C,T
1548,T,A
1553,C,A
1566,T,A
1579,T,A
1580,T,C
1584,A,T
1586,A,C
1588,C,-
1590,G,T
1592,T,A
1593,T,C
1609,C,T
1622,C,T
1652,A,C
1654,A,T
1655,T,A
1656,T,C
1658,C,T
1661,T,C
1670,T,C
1673,T,A
1674,T,C
1675,T,C
1676,A,T
1679,C,A
1680,C,T
1683,C,A
1690,A,T
1692,C,T
1693,T,C
1694,T,A
1695,A,C
1704,T,C
1714,A,G
1715,C,A
1717,T,C
1718,T,C
1726,C,A
1729,C,T
1737,G,A
1753,T,-
1754,T,-
1765,A,T
1766,G,A
1770,T,C
1772,C,A
1774,C,T
1779,A,G
1785,T,C
1800,T,C
1802,G,A
1805,A,-
1809,A,G
1810,G,A
1812,C,T
1813,T,C
1819,C,T
1821,A,C
1825,T,C
1827,A,C
1828,C,A
1831,T,A
1835,A,-
1836,A,-
1837,T,-
1840,T,A
1841,C,T
1842,C,T
1849,A,C
1850,A,C
1853,T,A
1854,C,A
1855,T,C
1856,C,T
1857,T,C
1862,A,G
1871,C,A
1874,A,C
1875,A,G
1879,C,T
1881,A,T
1892,C,T
1893,C,A
1899,G,A
1900,A,G
1921,A,C
1924,A,G
1960,T,A
1977,C,T
2000,T,a
2065,c,a
2071,c,t
2086,c,t
2100,t,c
2101,c,t
2104,t,c
2124,t,c
2139,a,g
2143,a,c
2145,a,c
2146,a,c
2147,t,c
2176,a,C
2181,A,T
2182,T,A
2183,A,C
2186,A,G
2187,C,T
2189,T,C
2191,T,A
2193,T,-
2194,A,-
2197,T,A
2198,A,T
2201,T,A
2202,T,A
2204,T,A
2205,T,A
2206,A,C
2217,C,G
2219,C,T
2225,C,A
2228,T,A
2230,G,T
2231,T,A
2232,A,T
2233,T,G
2236,G,C
2238,T,A
2239,T,A
2240,G,A
2290,A,T
2302,T,C
2317,A,T
2319,T,C
2320,C,T
2322,A,-
2323,C,-
2340,G,A
2341,A,T
2344,T,-
2345,A,-
2346,T,-
2347,T,-
2459,T,C
2553,G,A
2585,A,G
2591,A,T
2598,A,-
2599,A,C
2605,C,T
2610,T,C
2615,T,-
2616,T,C
2627,T,A
2635,A,C
2642,A,G
2649,C,T
2655,C,A
2656,C,A
2657,C,A
2659,C,T
2660,T,A
2668,A,C
2669,G,C
2670,A,C
2696,a,t
2755,T,A
2780,C,A
2781,G,A
2786,C,A
2789,T,C
2790,C,T
2795,C,T
2801,A,G
2810,A,C
2813,A,C
2814,T,C
2825,C,G
2832,T,C
2837,G,C
2852,A,C
2861,T,C
2867,T,C
2870,T,A
2873,T,C
2879,C,T
2882,C,T
2886,T,C
2903,C,T
2913,T,C
2918,T,C
2930,A,C
2939,T,C
2940,T,C
2945,A,C
2951,T,A
2957,C,A
2958,T,C
2969,T,C
2972,A,C
2975,T,A
2981,A,C
2984,A,C
2987,C,T
2996,A,T
2997,T,C
3002,T,C
3009,G,A
3011,T,C
3015,C,T
3026,A,T
3032,A,C
3033,T,C
3035,A,T
3038,T,C
3041,T,C
3042,T,C
3044,A,C
3053,G,C
3056,T,A
3057,T,C
3066,T,C
3071,A,C
3077,T,A
3080,C,T
3083,A,T
3089,T,C
3116,C,A
3122,C,T
3125,C,A
3134,A,C
3146,T,C
3147,T,C
3158,A,T
3167,A,C
3170,T,C
3173,A,T
3176,T,C
3182,A,C
3185,C,A
3191,T,C
3200,T,C
3206,A,C
3209,T,C
3212,A,C
3213,T,C
3220,A,G
3221,T,C
3224,A,C
3229,A,T
3233,T,C
3241,C,T
3248,T,C
3251,A,T
3254,C,A
3263,C,T
3266,A,C
3270,T,C
3273,C,T
3275,T,A
3276,C,A
3278,G,C
3281,A,C
3290,C,A
3307,T,A
3308,T,C
3311,C,T
3332,C,T
3335,G,A
3338,C,T
3348,C,T
3350,G,A
3374,A,C
3380,G,C
3389,A,C
3398,A,C
3401,C,A
3404,C,A
3413,G,C
3414,T,C
3422,T,C
3428,A,C
3437,T,C
3440,C,T
3446,T,C
3465,A,T
3467,T,A
3471,A,G
3473,C,A
3482,A,C
3486,C,T
3491,C,T
3492,T,C
3494,T,C
3502,T,A
3503,A,C
3506,A,T
3510,C,T
3512,C,A
3521,T,C
3523,A,G
3532,T,C
3537,G,A
3539,T,A
3545,A,T
3551,A,C
3552,T,A
3557,A,T
3566,G,A
3578,T,C
3581,T,C
3584,A,C
3587,C,T
3590,C,T
3593,T,A
3596,C,T
3599,T,C
3605,T,A
3608,A,G
3611,T,C
3614,T,C
3626,C,T
3629,T,C
3632,A,C
3635,C,A
3650,A,C
3653,T,C
3656,G,A
3660,C,T
3662,T,C
3668,T,C
3669,T,C
3671,A,G
3680,T,C
3681,A,C
3682,C,T
3686,G,A
3690,G,A
3692,A,T
3698,A,C
3703,T,C
3720,T,C
3727,A,G
3747,T,A
3757,C,T
3760,G,A
3761,C,T
3799,t,c
3827,t,a
3829,a,t
3835,t,c
3860,T,C
3888,C,T
3895,T,C
3900,T,C
3919,T,C
3922,T,A
3931,T,A
3932,G,A
3933,C,T
3937,C,T
3940,C,T
3946,C,T
3949,A,T
3953,T,C
3956,T,A
3961,T,G
3973,A,T
3979,C,T
3983,A,T
3989,C,T
3992,A,C
3994,A,C
4009,C,A
4010,C,T
4016,T,A
4018,C,A
4024,A,T
4025,C,T
4030,A,T
4033,T,C
4039,C,A
4040,A,C
4042,A,T
4046,A,G
4047,T,C
4059,A,G
4090,C,T
4093,C,T
4094,G,C
4096,C,A
4099,A,C
4105,A,T
4126,C,A
4129,G,A
4131,C,T
4136,G,A
4138,A,C
4147,T,C
4154,C,T
4155,T,C
4161,C,T
4167,T,C
4168,A,C
4169,T,C
4171,T,C
4183,A,C
4186,C,T
4187,G,A
4188,G,A
4189,T,C
4190,C,A
4192,T,A
4193,A,C
4195,C,A
4198,T,C
4206,C,T
4208,T,C
4210,A,C
4213,A,T
4214,G,T
4216,C,A
4220,T,G
4231,A,T
4234,C,A
4237,C,A
4243,A,C
4251,T,A
4256,T,C
4261,A,C
4267,A,C
4270,T,C
4276,G,A
4279,C,T
4282,A,C
4285,G,A
4291,A,T
4295,C,T
4297,T,A
4300,T,C
4301,C,T
4303,T,A
4306,T,A
4327,C,A
4337,T,C
4340,A,T
4341,T,A
4342,T,C
4346,A,T
4351,C,T
4353,C,A
4354,G,A
4357,A,C
4360,C,A
4364,T,C
4366,T,A
4374,T,C
4375,T,C
4376,T,A
4377,T,C
4378,A,C
4381,A,T
4384,A,C
4391,A,T
4393,T,A
4396,T,A
4397,A,G
4399,T,C
4402,C,T
4403,A,G
4405,A,T
4408,G,C
4411,A,C
4429,A,G
4432,A,C
4437,T,C
4447,T,C
4453,C,A
4484,T,A
4485,T,C
4492,T,C
4498,T,A
4507,A,T
4508,T,A
4509,C,A
4511,C,T
4513,C,A
4516,T,C
4519,A,C
4522,C,A
4526,C,T
4528,C,A
4530,T,C
4534,C,T
4537,T,C
4540,T,C
4541,A,C
4543,T,A
4549,A,T
4551,C,T
4552,C,T
4555,T,A
4564,A,C
4565,G,A
4570,T,C
4574,C,A
4575,T,C
4579,T,C
4580,A,T
4581,A,C
4582,C,A
4583,T,G
4585,T,A
4587,T,C
4591,C,A
4598,T,A
4601,A,C
4609,T,C
4610,C,G
4611,T,C
4627,A,C
4628,G,A
4629,C,T
4633,A,C
4639,T,C
4644,T,C
4645,C,A
4648,A,C
4649,C,A
4651,G,C
4654,A,C
4655,T,C
4657,A,C
4663,C,A
4672,C,A
4675,T,C
4678,A,C
4681,A,T
4684,A,C
4693,C,T
4706,A,G
4707,T,C
4708,T,A
4711,C,T
4715,A,T
4717,A,C
4720,A,G
4724,A,C
4738,T,C
4739,C,T
4740,T,C
4743,T,C
4744,T,C
4745,A,C
4748,G,T
4756,C,A
4762,A,T
4765,A,C
4771,T,C
4775,C,T
4779,A,G
4789,T,C
4795,T,A
4798,C,A
4807,T,C
4810,C,T
4812,C,T
4813,T,A
4816,A,C
4819,A,C
4822,A,C
4828,T,C
4840,T,C
4846,A,C
4855,A,C
4856,A,T
4858,T,C
4864,A,C
4865,A,C
4866,C,A
4870,A,C
4871,A,C
4873,T,A
4878,C,A
4879,C,T
4882,C,T
4883,C,T
4885,A,T
4888,A,C
4889,T,C
4891,T,C
4892,T,C
4894,C,A
4900,A,C
4901,G,A
4903,T,A
4904,A,G
4906,C,A
4907,A,T
4912,C,T
4915,A,C
4916,A,C
4918,A,T
4927,C,G
4930,A,T
4931,G,T
4934,C,T
4945,T,C
4948,C,A
4967,T,-
4973,G,A
4974,C,A
4991,A,T
5000,C,A
5034,T,A
5035,C,T
5039,C,T
5047,A,G
5050,G,A
5063,T,C
5081,G,A
5082,A,T
5098,C,A
5103,A,T
5105,T,C
5165,A,C
5171,G,T
5173,A,T
5174,A,C
5176,A,G
5182,A,G
5183,T,A
5189,T,G
5195,T,C
5206,A,G
5207,T,A
5242,A,T
5243,T,A
5255,A,G
5257,C,T
5259,C,T
5261,G,T
5263,T,G
5264,A,T
5269,G,A
5270,A,G
5273,A,G
5274,T,G
5275,T,C
5277,A,C
5282,T,C
5287,G,C
5331,T,C
5334,A,G
5336,T,A
5339,T,C
5346,T,C
5348,A,C
5351,C,T
5357,C,T
5360,T,C
5384,T,C
5388,C,T
5393,C,T
5405,G,A
5414,G,A
5417,T,G
5420,T,A
5423,A,T
5424,C,T
5433,T,C
5444,A,T
5448,T,C
5453,T,A
5456,A,G
5462,T,C
5468,T,C
5469,T,C
5486,T,C
5489,C,T
5495,T,C
5501,A,C
5504,T,A
5513,T,A
5516,T,C
5519,T,A
5531,C,T
5543,A,T
5561,T,C
5564,A,G
5576,C,A
5588,C,T
5597,A,T
5624,T,C
5630,T,C
5639,C,G
5642,A,T
5645,A,T
5657,C,A
5660,T,C
5663,C,T
5664,C,T
5672,A,C
5675,A,C
5687,A,T
5693,A,T
5711,C,A
5714,C,T
5717,A,C
5720,T,C
5721,C,T
5732,T,C
5744,A,T
5753,A,C
5759,C,T
5760,C,T
5765,A,T
5771,C,T
5777,T,C
5780,T,C
5781,T,C
5786,T,C
5789,A,G
5795,A,T
5801,T,C
5807,T,A
5810,A,T
5813,T,C
5816,T,C
5822,T,C
5831,T,C
5834,C,T
5837,C,T
5840,G,A
5849,A,T
5852,C,T
5858,A,C
5861,G,A
5867,A,G
5870,T,A
5873,A,T
5876,A,C
5882,C,A
5894,T,A
5906,A,C
5909,G,A
5912,C,A
5915,A,T
5916,T,C
5918,A,C
5924,A,G
5930,G,A
5931,C,T
5936,C,A
5942,C,T
5945,T,C
5954,A,C
5957,A,T
5966,C,A
5969,C,T
5975,C,T
5978,A,T
5987,T,C
5990,T,C
6002,A,T
6005,G,A
6014,T,C
6017,C,T
6020,C,T
6023,G,A
6026,T,C
6029,G,A
6041,T,C
6044,G,C
6056,T,G
6059,T,C
6062,T,C
6063,C,T
6065,T,A
6068,C,T
6071,C,T
6077,A,G
6104,T,C
6107,C,T
6113,C,T
6128,T,C
6134,C,A
6143,A,T
6146,A,G
6155,A,C
6161,G,A
6173,T,C
6179,C,A
6194,C,A
6197,C,T
6215,A,C
6216,T,C
6230,A,C
6236,T,C
6248,A,T
6275,C,A
6278,T,C
6281,C,A
6290,T,C
6299,T,C
6302,A,T
6305,C,A
6311,C,T
6317,T,A
6323,T,C
6332,T,C
6335,A,C
6338,T,C
6342,C,T
6356,C,G
6362,T,C
6371,T,C
6377,T,A
6380,T,G
6383,T,C
6389,C,A
6392,A,G
6395,T,C
6398,T,A
6399,T,C
6404,C,T
6422,C,T
6425,G,A
6431,C,T
6452,C,T
6455,T,C
6467,T,C
6468,C,T
6473,A,T
6476,G,A
6485,G,A
6488,T,C
6491,T,C
6500,A,T
6503,A,C
6506,T,C
6509,T,C
6522,T,C
6527,T,C
6535,T,A
6536,C,T
6543,G,A
6569,C,T
6575,C,T
6581,C,T
6587,A,T
6605,C,T
6614,T,C
6620,G,A
6623,C,A
6624,C,T
6626,T,A
6627,T,G
6632,A,G
6638,A,T
6641,A,T
6644,C,T
6650,A,T
6653,C,T
6656,C,T
6680,C,T
6683,T,A
6689,T,C
6698,A,C
6704,T,C
6707,T,C
6713,A,T
6716,A,G
6719,T,C
6722,T,C
6725,C,T
6726,A,G
6728,C,A
6737,T,C
6740,A,G
6749,G,A
6755,T,C
6758,T,A
6774,A,C
6776,A,C
6780,G,A
6782,A,T
6785,G,C
6788,T,C
6789,G,T
6791,T,C
6797,A,T
6800,T,C
6801,T,C
6812,T,G
6818,C,A
6824,T,C
6830,A,C
6833,T,C
6845,G,A
6851,A,T
6852,A,T
6866,A,T
6884,a,t
6897,a,c
6900,t,c
6916,c,t
6922,t,a
6925,t,a
6926,a,t
6942,A,G
6958,C,-
6970,T,C
6978,A,G
6984,A,G
6992,T,-
6994,A,T
6995,A,T
6996,T,A
7012,T,C
7018,C,T
7027,C,T
7036,T,C
7037,C,T
7054,C,A
7060,T,C
7069,G,A
7072,A,T
7074,T,C
7078,T,C
7081,C,T
7087,T,C
7093,A,C
7105,T,A
7111,A,C
7114,T,C
7121,T,C
7126,C,A
7129,C,T
7135,C,T
7138,C,T
7141,G,A
7148,T,C
7168,T,C
7183,T,C
7186,A,C
7195,T,A
7201,C,A
7210,T,A
7216,A,C
7225,A,C
7228,C,T
7234,C,T
7235,A,C
7243,T,C
7246,C,T
7252,T,C
7258,C,A
7267,T,C
7279,A,G
7282,C,T
7285,C,T
7291,C,A
7294,A,T
7295,T,C
7300,C,A
7303,T,A
7306,A,G
7309,C,T
7315,G,A
7336,C,T
7369,T,C
7372,A,C
7375,T,C
7387,A,C
7390,C,T
7402,T,A
7411,A,T
7414,A,T
7417,G,A
7418,C,T
7432,C,T
7435,A,G
7438,C,A
7441,T,C
7442,C,T
7444,G,A
7469,T,C
7474,T,C
7480,T,C
7492,C,G
7504,A,C
7510,C,T
7513,C,A
7519,A,G
7520,C,T
7522,T,A
7528,T,C
7531,T,C
7534,C,A
7540,A,C
7546,A,C
7552,T,C
7558,A,T
7564,A,G
7582,G,T
7583,T,C
7612,T,C
7615,A,C
7618,T,A
7621,C,T
7624,T,C
7630,T,C
7633,G,A
7642,C,A
7651,G,A
7654,T,C
7657,A,T
7681,T,A
7687,A,T
7697,T,A
7698,T,C
7702,C,T
7704,A,G
7705,T,C
7712,A,T
7746,C,A
7747,T,-
7748,T,A
7749,A,C
7759,T,C
7761,G,A
7765,T,C
7780,T,C
7786,A,C
7798,C,T
7804,T,C
7810,A,C
7817,A,G
7818,T,C
7819,T,C
7822,C,A
7831,C,T
7841,C,T
7847,G,A
7849,C,T
7852,A,T
7855,A,C
7861,A,C
7864,C,T
7867,A,T
7868,C,G
7869,T,C
7870,G,A
7871,G,C
7873,A,T
7876,T,C
7879,A,C
7882,A,C
7886,T,A
7888,A,T
7889,C,A
7892,A,G
7894,A,C
7897,C,A
7898,A,G
7899,T,A
7904,G,A
7905,T,C
7906,A,G
7909,A,T
7911,C,A
7923,T,C
7938,T,C
7950,A,T
7962,A,C
7974,A,T
7975,T,C
7977,C,A
7983,C,T
7990,G,A
7995,C,T
8001,A,G
8004,T,C
8007,T,A
8013,C,T
8025,C,A
8029,A,G
8042,A,G
8049,T,A
8052,C,A
8055,T,C
8058,T,A
8061,C,T
8074,G,A
8076,T,C
8085,T,C
8101,C,T
8127,A,C
8131,A,G
8145,T,A
8154,C,T
8166,A,C
8172,A,C
8175,T,C
8178,C,T
8184,C,G
8188,T,C
8190,A,T
8193,A,C
8205,A,C
8211,T,C
8214,C,T
8217,A,G
8223,C,T
8229,T,C
8235,T,C
8244,T,C
8247,A,C
8256,T,A
8269,A,C
8270,C,T
8294,G,A
8295,C,T
8298,A,T
8299,C,T
8301,T,A
8311,C,T
8313,T,A
8316,A,G
8325,T,C
8328,A,C
8331,T,C
8334,A,C
8343,A,C
8349,T,A
8355,T,C
8358,T,C
8364,A,T
8367,T,C
8385,A,G
8388,G,A
8392,T,C
8400,C,A
8403,G,A
8406,T,A
8412,T,A
8421,T,A
8427,A,C
8430,C,T
8431,T,C
8439,A,G
8442,C,T
8467,T,C
8469,A,T
8473,A,G
8475,T,C
8478,T,C
8490,A,C
8496,C,A
8512,T,C
8523,C,T
8527,A,G
8529,T,A
8532,A,T
8541,A,C
8547,A,C
8562,C,T
8574,C,T
8586,A,G
8589,T,C
8601,T,C
8621,T,C
8630,T,C
8633,C,T
8639,T,A
8642,T,C
8648,T,C
8658,T,C
8663,T,A
8670,T,C
8672,T,A
8678,C,T
8681,C,T
8684,T,A
8687,A,T
8693,A,C
8696,T,C
8697,C,T
8711,T,C
8714,C,T
8717,T,C
8720,T,C
8723,A,C
8725,T,C
8726,T,A
8728,C,T
8729,A,T
8732,A,C
8733,T,C
8736,A,T
8738,C,A
8739,C,T
8741,T,A
8747,A,C
8750,C,G
8753,C,A
8756,T,C
8762,C,A
8765,A,T
8786,C,T
8787,G,A
8789,A,C
8792,T,C
8804,C,A
8822,T,C
8840,A,C
8843,A,C
8849,T,C
8852,T,A
8858,T,C
8861,A,G
8864,C,T
8867,C,T
8873,G,C
8882,T,C
8891,A,C
8897,C,T
8906,G,A
8909,C,T
8918,T,C
8924,C,A
8927,A,T
8930,A,T
8933,A,C
8936,T,C
8939,T,C
8945,A,C
8948,C,T
8957,T,C
8970,T,A
8972,A,C
8975,A,T
8976,C,T
8978,T,A
8981,C,T
8984,T,C
8993,C,A
8996,A,C
8999,A,T
9002,T,A
9008,T,A
9014,A,C
9017,T,C
9018,C,T
9029,T,A
9032,T,C
9047,T,C
9053,T,C
9059,T,A
9068,T,C
9071,A,C
9080,C,T
9086,T,C
9101,T,C
9108,A,C
9110,A,C
9111,C,T
9117,C,T
9119,T,A
9122,C,T
9128,C,T
9132,C,T
9134,C,A
9140,T,C
9146,A,G
9149,C,T
9152,T,C
9164,C,T
9167,C,T
9170,T,C
9176,T,C
9179,T,A
9182,C,T
9185,T,C
9188,T,C
9191,T,A
9203,G,A
9206,T,A
9209,T,G
9215,C,T
9221,A,C
9227,T,C
9239,A,C
9245,A,T
9251,T,A
9257,T,C
9260,C,T
9281,T,C
9302,C,T
9335,T,C
9338,T,C
9344,C,T
9350,C,T
9356,T,A
9368,C,T
9371,C,T
9374,T,C
9389,T,C
9406,T,A
9407,T,C
9412,T,C
9427,T,C
9431,A,T
9432,G,A
9441,T,A
9446,C,T
9467,G,A
9468,T,C
9469,A,T
9470,C,T
9472,C,T
9474,G,A
9476,T,C
9480,T,A
9481,T,C
9482,C,A
9488,T,C
9491,T,C
9492,T,A
9493,T,C
9494,A,C
9500,C,T
9501,C,T
9503,A,T
9505,C,T
9506,G,C
9509,A,C
9513,C,T
9514,T,C
9516,G,A
9528,C,T
9530,C,G
9533,C,T
9542,T,C
9543,C,T
9545,G,A
9551,A,C
9563,T,C
9575,C,T
9578,A,C
9587,T,A
9593,C,T
9602,T,C
9605,A,T
9608,A,T
9611,C,T
9629,G,A
9635,A,C
9648,T,C
9653,T,C
9665,T,C
9668,T,C
9669,C,T
9671,T,A
9677,T,C
9680,A,C
9683,A,C
9692,A,G
9703,T,C
9704,T,C
9707,A,T
9710,C,T
9711,T,A
9716,T,A
9723,A,G
9724,T,C
9725,T,A
9727,T,C
9728,A,T
9746,A,T
9750,C,T
9753,T,G
9758,A,T
9765,G,A
9766,C,G
9767,A,C
9770,T,C
9789,T,C
9803,G,A
9807,A,T
9824,A,T
9858,G,A
9861,G,A
9862,T,A
9876,T,C
9880,C,A
9886,A,G
9888,C,T
9892,T,C
9894,C,A
9897,C,T
9898,C,T
9900,C,A
9903,C,T
9912,C,T
9913,T,A
9916,C,T
9921,A,T
9924,T,A
9930,G,T
9933,A,T
9934,C,T
9948,T,C
9952,C,T
9960,C,T
9963,A,T
9964,T,C
9966,A,C
9969,A,C
9975,G,A
9981,C,A
9985,G,A
9988,T,C
9993,C,A
9994,T,C
10000,A,G
10002,T,C
10012,G,A
10013,T,C
10015,A,T
10017,T,C
10018,T,A
10020,C,A
10021,C,T
10040,G,T
10048,C,A
10050,A,C
10056,C,A
10059,C,T
10065,C,T
10066,T,C
10074,C,T
10092,T,A
10098,A,T
10099,C,T
10105,C,T
10117,G,A
10125,C,T
10128,G,T
10140,T,C
10146,C,A
10152,T,C
10161,A,T
10170,C,T
10182,C,T
10184,T,C
10187,C,A
10190,A,T
10191,C,A
10193,A,C
10196,G,A
10199,A,C
10202,A,C
10211,C,A
10217,A,C
10221,A,G
10222,G,C
10224,C,A
10225,C,A
10226,T,C
10234,C,T
10241,A,C
10244,C,T
10247,A,C
10253,A,C
10256,T,C
10259,T,C
10266,A,G
10268,T,G
10271,T,C
10272,T,C
10275,A,T
10276,C,T
10277,C,A
10281,C,T
10284,A,T
10289,T,C
10300,C,A
10301,C,T
10313,T,C
10314,A,C
10315,A,T
10319,C,T
10322,T,C
10326,A,G
10327,A,T
10340,A,C
10343,C,T
10346,C,A
10347,C,T
10355,A,C
10359,T,C
10364,T,C
10368,T,C
10374,G,A
10376,C,T
10380,T,C
10382,A,C
10385,G,C
10395,T,A
10397,A,G
10398,A,C
10400,A,C
10412,C,T
10416,C,A
10427,T,A
10432,A,T
10433,C,A
10434,G,A
10436,A,G
10438,T,A
10439,A,T
10448,C,T
10463,A,T
10466,C,T
10470,T,C
10472,A,C
10479,C,T
10481,C,A
10484,A,C
10493,C,A
10496,T,C
10499,A,C
10505,T,A
10515,a,T
10526,t,C
10527,t,C
10529,a,G
10532,t,C
10538,A,C
10541,C,T
10542,T,C
10556,T,A
10562,T,C
10568,C,A
10577,G,C
10586,T,A
10593,C,T
10598,C,T
10604,G,A
10625,C,A
10631,C,T
10634,T,C
10637,T,C
10640,T,C
10646,G,C
10647,C,T
10661,C,T
10663,T,C
10674,C,T
10675,A,C
10676,T,A
10677,G,A
10685,C,A
10688,A,C
10692,C,T
10695,A,C
10700,T,C
10701,T,C
10703,A,C
10706,A,C
10707,T,C
10719,A,C
10722,T,C
10725,G,C
10726,A,C
10728,G,T
10730,T,A
10731,T,A
10739,T,C
10744,A,C
10746,T,A
10748,A,T
10754,G,A
10755,T,C
10757,G,A
10763,C,T
10776,C,A
10778,T,A
10781,T,C
10796,T,C
10802,T,C
10805,C,T
10812,C,T
10826,T,C
10829,T,A
10844,T,A
10847,G,C
10850,A,T
10857,C,T
10865,T,A
10871,T,C
10877,A,G
10878,T,C
10883,T,G
10884,A,G
10889,C,T
10892,A,G
10898,T,A
10901,C,A
10902,A,G
10904,C,T
10910,T,C
10922,A,C
10933,A,C
10935,A,T
10940,A,C
10946,C,A
10953,C,A
10955,T,C
10961,C,A
10962,C,T
10970,A,C
10995,T,C
11010,T,C
11019,C,T
11024,C,T
11027,C,T
11033,C,A
11039,T,A
11045,C,T
11051,A,C
11054,T,A
11057,T,C
11060,T,C
11061,G,A
11064,T,G
11066,A,C
11069,C,T
11078,A,G
11081,T,A
11096,A,G
11102,A,T
11120,A,C
11123,T,C
11127,C,T
11129,C,A
11132,A,C
11135,A,C
11142,C,T
11160,T,A
11174,G,A
11177,C,T
11186,T,A
11195,C,T
11198,G,A
11201,C,T
11208,C,T
11210,T,A
11216,G,A
11217,G,A
11222,C,T
11226,C,T
11228,T,G
11234,C,A
11246,G,A
11247,A,T
11255,T,C
11256,C,T
11261,T,C
11264,T,C
11270,T,A
11276,C,A
11279,T,C
11280,T,C
11281,C,T
11285,C,T
11288,T,C
11291,A,C
11297,A,C
11300,A,G
11310,A,G
11311,C,T
11312,C,T
11316,T,G
11319,T,A
11320,T,C
11327,T,C
11333,A,G
11337,T,C
11338,T,C
11339,T,C
11340,A,T
11342,C,T
11345,T,C
11348,T,C
11356,G,C
11359,T,C
11367,A,G
11369,T,C
11372,T,C
11378,T,A
11381,A,C
11393,C,T
11402,T,C
11405,C,A
11414,C,A
11417,C,A
11428,A,G
11432,T,C
11437,T,A
11438,T,C
11450,C,T
11453,A,C
11466,C,T
11474,A,C
11480,C,T
11483,T,A
11489,A,T
11495,A,C
11498,T,C
11501,T,A
11504,T,A
11505,C,T
11510,T,A
11512,C,T
11515,G,A
11516,T,C
11519,A,T
11525,A,C
11528,T,C
11537,G,A
11547,G,A
11548,A,G
11549,A,G
11583,G,A
11596,A,C
11599,C,A
11600,C,T
11609,C,T
11620,A,T
11621,T,A
11644,T,A
11645,T,C
11650,G,A
11651,T,C
11652,T,C
11659,C,T
11685,A,G
11686,T,A
11727,A,C
11744,C,A
11750,T,A
11751,T,A
11753,C,A
11757,A,T
11766,T,C
11768,A,C
11769,T,A
11777,C,G
11781,C,T
11783,T,A
11786,A,T
11787,C,A
11788,T,C
11790,T,A
11792,C,A
11799,C,A
11801,A,C
11807,A,C
11811,T,A
11813,A,C
11820,A,C
11821,T,C
11822,T,A
11827,A,T
11828,C,T
11831,C,T
11832,A,G
11837,C,T
11840,A,G
11841,C,T
11842,T,C
11843,G,A
11846,C,T
11847,A,G
11849,C,T
11852,C,T
11853,A,T
11861,C,T
11870,C,A
11874,A,C
11876,T,C
11877,A,C
11891,C,T
11892,C,T
11895,T,C
11898,A,C
11903,T,C
11910,A,C
11912,T,C
11915,T,C
11917,T,C
11933,A,T
11935,C,A
11939,G,A
11942,C,T
11946,G,C
11948,C,A
11951,C,T
11954,A,T
11960,A,T
11963,A,T
11964,G,A
11971,A,C
11972,A,T
11978,C,T
11986,C,T
11992,T,A
11999,T,A
12005,G,A
12008,T,C
12009,A,C
12010,C,T
12014,T,A
12023,T,A
12026,T,C
12029,C,A
12041,T,C
12071,A,T
12074,C,T
12077,A,C
12078,A,C
12083,C,T
12086,T,C
12098,A,G
12101,T,C
12102,C,T
12104,T,A
12106,C,T
12108,C,A
12116,G,A
12122,C,T
12125,G,A
12128,T,A
12131,C,T
12134,C,A
12143,C,T
12149,C,T
12150,A,C
12155,T,C
12161,T,C
12164,C,T
12170,C,A
12179,G,A
12182,G,A
12194,T,C
12198,C,T
12201,C,T
12206,T,C
12215,G,A
12218,C,T
12221,A,C
12224,A,T
12225,A,G
12233,A,C
12236,T,C
12239,T,A
12242,A,G
12248,A,C
12263,T,C
12269,C,A
12270,A,G
12281,C,T
12284,A,T
12290,T,C
12291,T,C
12300,G,A
12301,T,C
12302,T,C
12308,T,C
12310,C,G
12326,A,C
12335,T,C
12341,G,A
12345,A,-
12346,T,-
12347,A,-
12352,C,T
12353,C,A
12355,A,C
12359,C,T
12361,A,C
12363,G,A
12372,A,G
12374,T,C
12377,A,T
12380,T,C
12382,T,C
12386,C,A
12390,T,C
12395,C,T
12401,T,C
12413,A,C
12416,A,C
12422,T,C
12425,C,A
12428,C,T
12431,C,T
12440,A,C
12449,A,T
12461,T,A
12464,A,T
12467,A,C
12470,T,C
12473,A,T
12476,A,C
12491,T,C
12500,A,T
12503,T,G
12509,A,G
12512,T,C
12519,C,A
12521,G,A
12522,G,A
12539,C,A
12542,G,C
12543,A,T
12545,T,A
12548,T,C
12553,A,G
12554,C,T
12555,T,A
12556,T,C
12561,T,A
12567,A,G
12569,T,C
12575,T,A
12578,C,T
12581,C,T
12584,A,T
12587,C,A
12588,C,A
12590,A,C
12602,T,C
12608,T,A
12611,T,C
12644,C,T
12645,A,G
12647,T,A
12650,C,T
12656,T,A
12662,A,C
12677,G,T
12686,G,C
12689,G,A
12690,C,T
12695,A,G
12698,A,T
12707,A,C
12708,C,T
12713,A,T
12716,A,T
12722,A,C
12728,C,T
12731,T,C
12737,C,T
12752,T,C
12756,C,T
12758,C,A
12761,T,C
12770,T,C
12773,C,A
12782,T,C
12791,G,C
12792,G,A
12793,C,A
12794,A,C
12797,C,T
12809,C,T
12821,A,C
12824,C,T
12827,C,A
12829,C,T
12834,A,G
12835,T,C
12836,C,A
12854,A,T
12857,C,T
12860,A,C
12861,G,A
12863,A,T
12869,A,G
12875,C,A
12881,C,T
12884,A,C
12893,A,T
12899,A,C
12905,G,A
12911,C,T
12920,C,T
12923,A,C
12926,T,C
12929,T,C
12935,A,C
12938,T,C
12941,T,C
12944,C,G
12947,C,T
12969,C,A
12974,T,C
12977,A,T
12978,C,T
12989,T,A
12992,T,C
12998,A,T
13002,A,G
13010,C,T
13016,A,C
13022,T,C
13031,A,C
13034,A,C
13037,A,G
13046,G,A
13049,T,A
13051,T,A
13052,T,C
13053,C,T
13058,C,A
13064,C,T
13065,T,A
13067,C,T
13073,C,T
13079,T,C
13080,G,A
13086,G,A
13094,A,T
13097,C,T
13118,C,A
13128,T,C
13130,T,A
13136,A,C
13139,T,C
13140,G,C
13142,C,T
13149,T,C
13150,A,T
13151,T,A
13160,A,T
13166,C,T
13168,G,A
13174,C,A
13176,G,A
13178,C,T
13190,A,C
13194,T,C
13195,T,A
13204,C,T
13205,C,A
13215,A,C
13217,T,C
13221,T,A
13224,G,A
13226,A,C
13227,T,C
13235,C,T
13236,C,G
13237,T,C
13238,A,C
13241,C,T
13244,A,C
13253,A,T
13259,C,T
13260,C,T
13265,C,A
13266,A,C
13271,A,T
13282,A,G
13283,T,C
13287,G,C
13289,A,C
13291,A,C
13292,T,C
13293,C,A
13294,C,A
13296,T,C
13297,A,T
13298,T,A
13304,C,A
13313,T,C
13315,T,C
13316,A,C
13319,G,A
13322,G,C
13324,T,A
13325,T,C
13327,T,A
13332,T,C
13334,T,A
13340,T,A
13346,C,A
13351,C,T
13352,A,T
13355,C,T
13356,A,C
13357,T,A
13362,T,A
13367,C,A
13370,C,T
13371,C,T
13372,T,C
13373,A,T
13377,C,T
13378,T,A
13379,A,C
13383,A,T
13384,C,T
13389,C,T
13393,C,A
13394,T,C
13397,C,A
13404,T,C
13406,G,A
13412,G,A
13413,T,C
13421,A,G
13424,C,A
13436,C,A
13444,C,T
13445,T,C
13446,C,A
13447,T,C
13448,T,C
13451,C,A
13454,A,C
13455,A,C
13457,C,A
13458,A,C
13461,A,T
13463,C,T
13465,C,A
13466,T,A
13467,T,A
13471,C,T
13473,A,T
13487,C,G
13488,T,C
13493,T,C
13497,T,C
13499,G,A
13502,C,T
13505,T,C
13506,A,C
13514,C,T
13517,A,C
13520,T,C
13522,A,C
13523,C,T
13526,C,T
13527,A,T
13528,T,C
13529,C,A
13530,T,C
13536,A,T
13545,T,C
13548,T,A
13551,A,C
13558,T,C
13564,A,G
13567,C,T
13570,G,A
13585,A,C
13597,A,T
13600,T,C
13609,T,C
13612,T,C
13615,C,T
13639,T,A
13642,T,A
13648,T,A
13660,T,C
13663,T,C
13675,T,C
13689,C,T
13699,C,T
13702,C,T
13708,T,G
13711,C,T
13713,A,G
13716,C,T
13722,G,A
13725,T,C
13728,T,C
13731,C,A
13732,T,C
13733,C,T
13735,A,C
13738,T,C
13740,C,T
13743,C,T
13746,A,T
13747,A,C
13748,T,A
13751,T,C
13755,G,A
13758,C,A
13759,A,G
13760,C,T
13762,A,G
13764,T,A
13765,T,C
13767,A,C
13768,A,T
13770,A,C
13771,A,C
13773,C,A
13777,T,C
13782,T,A
13783,C,A
13785,C,G
13789,C,T
13792,T,A
13795,T,A
13803,C,T
13804,C,A
13810,T,A
13813,T,C
13816,G,A
13822,T,C
13825,C,T
13834,T,C
13837,A,G
13840,T,C
13852,T,C
13861,C,T
13867,T,C
13873,C,T
13891,T,C
13906,A,T
13927,T,A
13930,A,C
13945,C,T
13951,A,G
13954,A,C
13959,C,T
13961,A,C
13963,C,T
13975,T,C
13978,A,T
13981,T,A
13983,A,G
13984,A,C
13987,T,A
14008,T,C
14011,T,C
14014,T,C
14020,A,T
14030,A,G
14031,C,T
14038,T,C
14040,A,G
14042,G,A
14052,C,T
14056,A,C
14065,A,T
14066,T,G
14088,C,T
14094,C,T
14098,C,T
14133,C,T
14141,C,T
14156,A,C
14163,A,T
14165,A,T
14171,A,C
14172,T,C
14177,T,C
14183,T,C
14186,T,C
14195,A,C
14198,C,T
14201,T,C
14207,A,C
14210,T,C
14219,C,T
14225,T,C
14243,T,C
14246,G,T
14249,C,T
14252,T,A
14261,C,A
14267,A,C
14273,C,A
14280,A,C
14282,T,C
14288,T,C
14289,C,T
14291,T,A
14295,T,C
14300,C,A
14312,A,G
14315,A,T
14321,A,C
14330,C,A
14342,A,C
14345,A,C
14351,T,C
14354,T,C
14366,T,C
14372,G,C
14387,T,C
14388,A,C
14396,A,C
14402,A,C
14417,T,C
14420,T,C
14424,T,C
14432,T,C
14438,C,G
14447,C,A
14448,T,C
14453,T,C
14462,A,C
14465,T,C
14468,A,T
14471,T,C
14472,A,C
14492,A,G
14493,G,A
14495,A,C
14496,C,A
14504,G,A
14507,C,T
14519,C,A
14522,A,T
14528,T,C
14531,A,G
14537,C,T
14540,C,A
14543,T,C
14570,T,A
14573,C,T
14579,T,A
14591,C,A
14592,C,T
14597,A,T
14600,C,T
14606,A,T
14609,T,C
14615,A,G
14618,A,T
14636,T,C
14642,G,A
14663,C,A
14667,T,C
14669,G,A
14672,C,A
14675,A,C
14684,T,A
14697,T,C
14699,A,C
14705,T,C
14714,G,C
14720,A,T
14726,C,T
14729,T,A
14732,C,T
14735,C,T
14738,C,T
14762,C,T
14768,A,C
14783,A,C
14786,T,C
14792,T,C
14798,T,C
14804,T,C
14807,C,T
14810,C,A
14813,C,T
14822,C,T
14828,T,C
14829,A,C
14838,A,G
14840,C,A
14841,C,T
14843,A,T
14846,C,A
14847,A,T
14850,T,C
14852,C,A
14856,A,T
14858,T,C
14861,C,A
14874,T,C
14879,T,C
14889,A,C
14909,C,T
14912,C,T
14914,T,C
14918,A,C
14924,T,C
14927,A,C
14930,A,C
14945,T,C
14948,T,C
14954,C,A
14966,C,T
14969,A,C
14975,A,C
14981,C,T
14993,A,C
14996,C,T
15002,T,C
15014,T,A
15018,C,G
15024,T,C
15035,T,A
15044,T,C
15051,C,T
15053,A,C
15054,A,C
15059,T,A
15065,T,G
15071,C,T
15077,G,A
15083,A,C
15087,C,T
15091,T,C
15107,A,C
15113,T,C
15114,T,C
15116,G,T
15140,A,C
15143,T,A
15152,C,A
15158,T,C
15161,G,A
15188,T,C
15191,C,T
15213,T,A
15214,C,G
15215,A,C
15221,C,T
15227,C,T
15231,T,C
15233,A,C
15239,T,C
15251,A,T
15258,A,G
15260,C,T
15272,A,G
15273,C,T
15280,T,G
15282,T,A
15285,C,T
15286,C,A
15292,T,C
15293,T,C
15305,C,A
15327,T,A
15328,G,A
15338,T,G
15339,C,T
15340,T,C
15341,T,A
15342,C,A
15351,A,G
15369,G,A
15383,C,T
15386,G,A
15399,G,A
15407,A,T
15433,T,A
15435,T,G
15437,C,T
15442,T,G
15446,A,T
15447,C,T
15449,G,A
15450,T,A
15476,C,T
15499,T,A
15500,A,T
15504,C,A
15507,T,A
15508,A,T
15510,A,T
15512,C,T
15517,G,A
15520,C,T
15524,T,A
15529,A,C
15531,A,T
15533,A,T
15535,T,A
15536,C,A
15537,A,C
15549,C,T
15550,A,C
15554,T,-
15555,A,-
15556,T,-
15557,A,-
15558,T,-
15561,C,A
15563,T,C
15564,G,A
15565,A,T
15566,A,G
15568,A,C
15570,T,A
15571,A,T
15575,T,C
15576,A,G
15579,C,T
15588,C,A
15594,T,C
15596,A,T
15597,T,A
15598,A,T
15599,A,T
15600,G,A
15617,C,T
15618,T,A
15624,A,G
15631,A,T
15632,C,A
15643,T,C
15644,C,T
15667,C,T
15668,T,G
15675,T,A
15683,A,C
15685,T,A
15686,A,T
15687,A,T
15707,C,T
15723,C,T
15724,A,C
15725,A,G
15727,G,C
15753,A,C
15754,A,G
15755,A,T
15757,T,C
15765,A,G
15766,G,A
15770,A,T
15783,T,C
15787,A,G
15816,A,T
15819,C,G
15820,G,T
15827,C,T
15864,T,A
15885,C,T
15902,T,A
15903,C,T
15906,G,A
15917,C,T
15922,T,A
15928,G,C
15930,C,G
15931,C,A
15933,A,G
15935,T,C
15939,A,C
15962,A,-
15967,A,T
15975,C,A
15980,T,C
15981,A,T
15983,A,T
15984,C,G
15986,C,A
15991,A,T
15992,C,T
15993,G,A
15996,G,T
16000,A,G
16001,A,G
16007,A,T
16008,G,A
16012,G,T
16015,A,T
16017,A,G
16018,C,A
16020,C,A
16023,T,G
16025,A,T
16027,C,G
16028,T,A
16032,G,A
16036,A,T
16046,C,T
16051,T,A
16062,G,A
16063,C,T
16065,A,T
16066,C,A
16068,C,A
16074,C,T
16075,A,G
16078,T,A
16079,T,A
16080,T,A
16082,A,C
16083,A,T
16084,C,G
16087,T,A
16088,C,A
16106,C,A
16108,T,A
16111,T,C
16132,C,T
16136,G,A
16137,A,G
16138,A,C
16139,C,A
16140,T,A
16141,T,G
16142,G,A
16144,A,T
16145,A,T
16146,G,A
16148,C,A
16149,A,T
16150,T,A
16152,T,A
16154,A,C
16155,T,A
16157,T,A
16158,T,A
16160,A,G
16164,T,C
16165,C,T
16166,A,T
16169,C,T
16170,C,T
16174,T,A
16175,G,A
16176,T,G
16177,C,G
16180,G,T
16181,A,C
16184,A,C
16195,T,A
16196,T,C
16198,C,A
16205,A,T
16207,G,A
16213,T,A
16216,T,C
16221,T,C
16223,C,T
16225,T,G
16232,A,T
16235,T,C
16236,T,G
16240,A,C
16243,T,A
16244,C,A
16245,A,T
16246,T,C
16247,G,T
16252,G,T
16254,G,C
16255,A,T
16257,C,A
16259,A,T
16264,T,C
16267,A,C
16268,A,T
16270,C,-
16271,A,-
16276,C,T
16277,T,G
16278,A,C
16279,T,C
16283,G,C
16285,A,T
16286,A,C
16287,T,A
16288,A,G
16291,C,A
16295,A,C
16296,A,C
16297,C,A
16298,A,C
