symbol,strand,codon_index,sites,types,AA,syn,nonsyn
mt-Nd1,+,6,2766,poly,I,0.333333333333333,2.66666666666667
mt-Nd1,+,11,2781,poly,V,1,2
mt-Nd1,+,12,2786,div,P,1,2
mt-Nd1,+,30,2839,poly,Y,1,2
mt-Nd1,+,39,2865,poly,I,0.333333333333333,2.66666666666667
mt-Nd1,+,40,2870,div,V,1,2
mt-Nd1,+,45,2885,poly,I,0.333333333333333,2.66666666666667
mt-Nd1,+,46,2886,div,L,0.666666666666667,2.33333333333333
mt-Nd1,+,56,2918,poly,F,0.333333333333333,2.66666666666667
mt-Nd1,+,61,2932,poly,M,0.333333333333333,2.66666666666667
mt-Nd1,+,68,2954,poly,M,0.333333333333333,2.66666666666667
mt-Nd1,+,87,3011,poly,V,1,2
mt-Nd1,+,100,3048,div,L,1.33333333333333,1.66666666666667
mt-Nd1,+,101,3053,poly,G,1,2
mt-Nd1,+,102,3056,poly,I,0.333333333333333,2.66666666666667
mt-Nd1,+,109,3077,div,S,1,2
mt-Nd1,+,113,3089,div,V,1,2
mt-Nd1,+,115,3095,poly,S,1,2
mt-Nd1,+,117,3099,poly,L,1.33333333333333,1.66666666666667
mt-Nd1,+,134,3152,poly,R,1,2
mt-Nd1,+,153,3209,poly,V,1,2
mt-Nd1,+,157,"3220,3221",poly,N,0.333333333333333,2.66666666666667
mt-Nd1,+,175,3275,div,L,1,2
mt-Nd1,+,176,3278,div,L,1.33333333333333,1.66666666666667
mt-Nd1,+,187,3311,div,I,0.333333333333333,2.66666666666667
mt-Nd1,+,189,3317,poly,T,1,2
mt-Nd1,+,204,3362,div,E,0.333333333333333,2.66666666666667
mt-Nd1,+,231,3443,poly,I,0.333333333333333,2.66666666666667
mt-Nd1,+,242,3476,poly,F,0.333333333333333,2.66666666666667
mt-Nd1,+,247,3491,div,Y,1,2
mt-Nd1,+,249,3497,div,I,0.333333333333333,2.66666666666667
mt-Nd1,+,254,3512,poly,L,1,2
mt-Nd1,+,263,"3537,3539","poly,div",A,1,2
mt-Nd1,+,266,3546,poly,L,1.33333333333333,1.66666666666667
mt-Nd1,+,272,3566,div,W,0.333333333333333,2.66666666666667
mt-Nd1,+,275,3573,poly,A,1,2
mt-Nd1,+,281,3593,div,R,1,2
mt-Nd1,+,283,3599,poly,D,0.333333333333333,2.66666666666667
mt-Nd1,+,293,3629,div,F,0.333333333333333,2.66666666666667
mt-Nd1,+,294,3630,div,L,1.33333333333333,1.66666666666667
mt-Nd1,+,301,3653,poly,C,0.333333333333333,2.66666666666667
mt-Nd1,+,313,3689,poly,G,1,2
mt-Nd1,+,314,3692,poly,V,1,2
mt-Nd2,+,7,3933,div,A,1,2
mt-Nd2,+,11,3946,poly,F,0.333333333333333,2.66666666666667
mt-Nd2,+,36,4020,poly,S,1,2
mt-Nd2,+,45,4048,poly,I,0.333333333333333,2.66666666666667
mt-Nd2,+,54,4075,poly,E,0.333333333333333,2.66666666666667
mt-Nd2,+,59,4090,div,Y,1,2
mt-Nd2,+,70,4123,div,I,0.333333333333333,2.66666666666667
mt-Nd2,+,78,4147,poly,Y,1,2
mt-Nd2,+,82,4159,div,G,1,2
mt-Nd2,+,83,4162,poly,T,1,2
mt-Nd2,+,92,"4188,4189","poly,div",G,1,2
mt-Nd2,+,115,4256,div,L,0.666666666666667,2.33333333333333
mt-Nd2,+,117,4264,div,E,0.333333333333333,2.66666666666667
mt-Nd2,+,121,4276,poly,G,1,2
mt-Nd2,+,128,4297,div,L,1,2
mt-Nd2,+,137,4324,poly,A,1,2
mt-Nd2,+,141,4336,poly,I,0.333333333333333,2.66666666666667
mt-Nd2,+,143,4342,div,I,0.333333333333333,2.66666666666667
mt-Nd2,+,145,4348,div,I,0.333333333333333,2.66666666666667
mt-Nd2,+,147,4354,poly,P,1,2
mt-Nd2,+,158,4387,poly,A,1,2
mt-Nd2,+,165,4408,poly,G,1,2
mt-Nd2,+,166,4409,poly,A,1,2
mt-Nd2,+,181,4456,poly,Y,1,2
mt-Nd2,+,193,4492,div,I,0.333333333333333,2.66666666666667
mt-Nd2,+,201,4516,div,T,1,2
mt-Nd2,+,208,4537,div,Y,1,2
mt-Nd2,+,211,4546,div,L,1,2
mt-Nd2,+,213,4551,poly,A,1,2
mt-Nd2,+,219,4570,div,L,1,2
mt-Nd2,+,223,4581,div,N,0.333333333333333,2.66666666666667
mt-Nd2,+,237,4624,div,T,1,2
mt-Nd2,+,257,4684,poly,L,1.33333333333333,1.66666666666667
mt-Nd2,+,260,4693,div,F,0.333333333333333,2.66666666666667
mt-Nd2,+,261,4694,poly,L,0.666666666666667,2.33333333333333
mt-Nd2,+,265,4706,poly,I,0.333333333333333,2.66666666666667
mt-Nd2,+,269,4720,poly,E,0.333333333333333,2.66666666666667
mt-Nd2,+,273,4732,poly,N,0.333333333333333,2.66666666666667
mt-Nd2,+,277,4744,poly,I,0.333333333333333,2.66666666666667
mt-Nd2,+,280,4751,poly,T,1,2
mt-Nd2,+,287,4774,poly,L,1.33333333333333,1.66666666666667
mt-Nd2,+,291,4786,poly,F,0.333333333333333,2.66666666666667
mt-Nd2,+,293,4792,poly,Y,1,2
mt-Nd2,+,294,4795,poly,T,1,2
mt-Nd2,+,300,"4811,4813",poly,T,1,2
mt-Nd2,+,301,4816,poly,S,1,2
mt-Nd2,+,309,4840,poly,N,0.333333333333333,2.66666666666667
mt-Nd2,+,316,4860,poly,H,0.333333333333333,2.66666666666667
mt-Nd2,+,320,4872,poly,T,1,2
mt-Nd2,+,324,4884,div,L,1.33333333333333,1.66666666666667
mt-Nd2,+,326,4889,poly,F,0.333333333333333,2.66666666666667
mt-Nd2,+,328,4895,poly,T,1,2
mt-Nd2,+,330,4901,div,A,1,2
mt-Nd2,+,333,4912,div,S,1,2
mt-Nd2,+,343,4942,div,L,1.33333333333333,1.66666666666667
mt-Nd2,+,344,4943,poly,I,0.333333333333333,2.66666666666667
mt-Nd2,+,345,"4947,4948","div,poly",T,1,2
mt-Co1,+,18,5381,div,L,1,2
mt-Co1,+,22,5393,poly,F,0.333333333333333,2.66666666666667
mt-Co1,+,23,5396,poly,G,1,2
mt-Co1,+,29,5414,div,V,1,2
mt-Co1,+,30,5417,poly,G,1,2
mt-Co1,+,31,5420,poly,T,1,2
mt-Co1,+,34,5429,poly,S,1,2
mt-Co1,+,36,5435,poly,L,0.666666666666667,2.33333333333333
mt-Co1,+,54,5489,poly,Y,1,2
mt-Co1,+,57,5498,poly,I,0.333333333333333,2.66666666666667
mt-Co1,+,59,5504,poly,T,1,2
mt-Co1,+,87,5588,poly,I,0.333333333333333,2.66666666666667
mt-Co1,+,104,5639,poly,L,1,2
mt-Co1,+,122,5691,poly,A,1,2
mt-Co1,+,137,5738,poly,A,1,2
mt-Co1,+,144,5759,poly,D,0.333333333333333,2.66666666666667
mt-Co1,+,153,5786,poly,A,1,2
mt-Co1,+,154,5789,poly,G,1,2
mt-Co1,+,165,5822,poly,I,0.333333333333333,2.66666666666667
mt-Co1,+,167,5828,div,T,1,2
mt-Co1,+,176,5855,poly,M,0.333333333333333,2.66666666666667
mt-Co1,+,178,5861,div,Q,0.333333333333333,2.66666666666667
mt-Co1,+,201,5930,poly,V,1,2
mt-Co1,+,210,5955,poly,L,1.33333333333333,1.66666666666667
mt-Co1,+,216,5975,poly,N,0.333333333333333,2.66666666666667
mt-Co1,+,221,5990,poly,D,0.333333333333333,2.66666666666667
mt-Co1,+,231,6020,poly,Y,1,2
mt-Co1,+,232,6023,poly,Q,0.333333333333333,2.66666666666667
mt-Co1,+,239,6044,poly,G,1,2
mt-Co1,+,246,6065,div,L,1,2
mt-Co1,+,258,6101,poly,V,1,2
mt-Co1,+,262,6113,div,S,1,2
mt-Co1,+,263,6116,poly,G,1,2
mt-Co1,+,269,6134,poly,G,1,2
mt-Co1,+,281,6170,poly,G,1,2
mt-Co1,+,282,6173,poly,F,0.333333333333333,2.66666666666667
mt-Co1,+,318,6281,poly,V,1,2
mt-Co1,+,335,6332,poly,S,1,2
mt-Co1,+,341,6350,div,A,1,2
mt-Co1,+,348,6371,poly,F,0.333333333333333,2.66666666666667
mt-Co1,+,355,6392,poly,G,1,2
mt-Co1,+,358,6399,div,L,0.666666666666667,2.33333333333333
mt-Co1,+,362,6413,poly,S,1,2
mt-Co1,+,366,6425,div,V,1,2
mt-Co1,+,378,6461,div,H,0.333333333333333,2.66666666666667
mt-Co1,+,387,6488,poly,F,0.333333333333333,2.66666666666667
mt-Co1,+,393,6506,poly,F,0.333333333333333,2.66666666666667
mt-Co1,+,416,6575,poly,I,0.333333333333333,2.66666666666667
mt-Co1,+,417,6578,div,M,0.333333333333333,2.66666666666667
mt-Co1,+,431,6620,poly,L,1.33333333333333,1.66666666666667
mt-Co1,+,455,6692,poly,S,1,2
mt-Co1,+,468,6731,poly,M,0.333333333333333,2.66666666666667
mt-Co1,+,486,6785,div,S,1,2
mt-Co1,+,488,6791,div,A,1,2
mt-Co1,+,507,6848,div,E,0.333333333333333,2.66666666666667
mt-Co1,+,510,6857,div,Y,1,2
mt-Co2,+,3,7021,poly,Y,1,2
mt-Co2,+,9,7037,div,L,1.33333333333333,1.66666666666667
mt-Co2,+,19,7069,div,E,0.333333333333333,2.66666666666667
mt-Co2,+,41,7135,div,I,0.333333333333333,2.66666666666667
mt-Co2,+,44,7144,poly,L,1.33333333333333,1.66666666666667
mt-Co2,+,61,7193,poly,V,1,2
mt-Co2,+,68,7214,poly,L,1.33333333333333,1.66666666666667
mt-Co2,+,72,7228,poly,I,0.333333333333333,2.66666666666667
mt-Co2,+,77,7243,div,A,1,2
mt-Co2,+,85,7267,poly,Y,1,2
mt-Co2,+,97,7303,poly,V,1,2
mt-Co2,+,109,7339,poly,E,0.333333333333333,2.66666666666667
mt-Co2,+,121,7375,poly,Y,1,2
mt-Co2,+,123,7379,poly,I,0.333333333333333,2.66666666666667
mt-Co2,+,135,7417,poly,L,1.33333333333333,1.66666666666667
mt-Co2,+,141,7433,poly,R,1,2
mt-Co2,+,154,7474,div,I,0.333333333333333,2.66666666666667
mt-Co2,+,156,7480,poly,S,1,2
mt-Co2,+,158,7486,poly,D,0.333333333333333,2.66666666666667
mt-Co2,+,159,7489,div,V,1,2
mt-Co2,+,164,7504,div,A,1,2
mt-Co2,+,165,7505,poly,V,1,2
mt-Co2,+,167,7513,div,S,1,2
mt-Co2,+,174,7534,poly,A,1,2
mt-Co2,+,193,7591,poly,Y,1,2
mt-Co2,+,198,7606,poly,E,0.333333333333333,2.66666666666667
mt-Co2,+,202,7618,poly,S,1,2
mt-Co2,+,207,7633,div,M,0.333333333333333,2.66666666666667
mt-Co2,+,214,7654,poly,V,1,2
mt-Co2,+,215,7657,poly,P,1,2
mt-Atp8,+,28,7847,poly,V,1,2
mt-Atp8,+,35,7870,div,L,1.33333333333333,1.66666666666667
mt-Atp8,+,42,7891,poly,L,1.33333333333333,1.66666666666667
mt-Atp8,+,45,7898,poly,M,0.333333333333333,2.66666666666667
mt-Atp6,+,16,7974,poly,G,1,2
mt-Atp6,+,17,7977,poly,F,0.333333333333333,2.66666666666667
mt-Atp6,+,27,8007,poly,P,1,2
mt-Atp6,+,28,8010,div,S,1,2
mt-Atp6,+,31,8019,div,F,0.333333333333333,2.66666666666667
mt-Atp6,+,41,8049,div,R,1,2
mt-Atp6,+,50,8074,div,V,1,2
mt-Atp6,+,54,8088,poly,I,0.333333333333333,2.66666666666667
mt-Atp6,+,60,8106,poly,I,0.333333333333333,2.66666666666667
mt-Atp6,+,66,8124,poly,R,1,2
mt-Atp6,+,69,8131,poly,T,1,2
mt-Atp6,+,70,8134,poly,L,1.33333333333333,1.66666666666667
mt-Atp6,+,73,8145,poly,V,1,2
mt-Atp6,+,76,8154,poly,I,0.333333333333333,2.66666666666667
mt-Atp6,+,94,8208,div,P,1,2
mt-Atp6,+,95,8211,poly,T,1,2
mt-Atp6,+,99,8223,poly,S,1,2
mt-Atp6,+,102,8232,poly,L,1.33333333333333,1.66666666666667
mt-Atp6,+,106,8244,poly,I,0.333333333333333,2.66666666666667
mt-Atp6,+,125,8301,poly,L,1,2
mt-Atp6,+,135,8331,poly,I,0.333333333333333,2.66666666666667
mt-Atp6,+,165,8421,div,T,1,2
mt-Atp6,+,178,8460,poly,T,1,2
mt-Atp6,+,181,8467,poly,L,0.666666666666667,2.33333333333333
mt-Atp6,+,190,8494,poly,T,1,2
mt-Atp6,+,204,8538,div,F,0.333333333333333,2.66666666666667
mt-Atp6,+,214,8568,poly,F,0.333333333333333,2.66666666666667
mt-Co3,+,2,8612,poly,T,1,2
mt-Co3,+,12,8642,poly,N,0.333333333333333,2.66666666666667
mt-Co3,+,38,8719,poly,N,0.333333333333333,2.66666666666667
mt-Co3,+,68,8810,poly,Q,0.333333333333333,2.66666666666667
mt-Co3,+,81,8849,div,Y,1,2
mt-Co3,+,84,8858,poly,I,0.333333333333333,2.66666666666667
mt-Co3,+,92,8882,div,F,0.333333333333333,2.66666666666667
mt-Co3,+,95,8889,poly,A,1,2
mt-Co3,+,132,9002,poly,L,1,2
mt-Co3,+,134,9008,div,T,1,2
mt-Co3,+,136,9014,poly,V,1,2
mt-Co3,+,147,9047,div,A,1,2
mt-Co3,+,157,9077,poly,N,0.333333333333333,2.66666666666667
mt-Co3,+,158,9080,poly,H,0.333333333333333,2.66666666666667
mt-Co3,+,166,9104,poly,T,1,2
mt-Co3,+,174,9128,div,T,1,2
mt-Co3,+,177,9137,poly,Q,0.333333333333333,2.66666666666667
mt-Co3,+,182,9152,poly,F,0.333333333333333,2.66666666666667
mt-Co3,+,192,9182,poly,I,0.333333333333333,2.66666666666667
mt-Co3,+,194,9188,div,G,1,2
mt-Co3,+,195,9191,div,S,1,2
mt-Co3,+,200,9206,poly,A,1,2
mt-Co3,+,227,9287,poly,F,0.333333333333333,2.66666666666667
mt-Co3,+,244,9338,poly,F,0.333333333333333,2.66666666666667
mt-Nd3,+,1,9461,div,I,0.333333333333333,2.66666666666667
mt-Nd3,+,3,9467,poly,L,1.33333333333333,1.66666666666667
mt-Nd3,+,6,9476,poly,V,1,2
mt-Nd3,+,16,"9504,9506","poly,div",T,1,2
mt-Nd3,+,19,9513,poly,L,1.33333333333333,1.66666666666667
mt-Nd3,+,24,9530,poly,L,1,2
mt-Nd3,+,29,9545,poly,L,1.33333333333333,1.66666666666667
mt-Nd3,+,38,9571,poly,E,0.333333333333333,2.66666666666667
mt-Nd3,+,43,9587,poly,P,1,2
mt-Nd3,+,50,9608,poly,P,1,2
mt-Nd3,+,56,9626,poly,F,0.333333333333333,2.66666666666667
mt-Nd3,+,63,9647,div,L,1.33333333333333,1.66666666666667
mt-Nd3,+,69,9665,poly,I,0.333333333333333,2.66666666666667
mt-Nd3,+,81,9701,div,T,1,2
mt-Nd3,+,86,9716,div,T,1,2
mt-Nd3,+,87,9719,poly,M,0.333333333333333,2.66666666666667
mt-Nd3,+,105,9773,poly,E,0.333333333333333,2.66666666666667
mt-Nd4l,+,6,9894,poly,F,0.333333333333333,2.66666666666667
mt-Nd4l,+,37,9985,poly,V,1,2
mt-Nd4l,+,39,9993,poly,S,1,2
mt-Nd4l,+,69,10083,poly,C,0.333333333333333,2.66666666666667
mt-Nd4l,+,76,10102,poly,A,1,2
mt-Nd4,+,3,10175,poly,K,0.333333333333333,2.66666666666667
mt-Nd4,+,11,10199,poly,L,1.33333333333333,1.66666666666667
mt-Nd4,+,19,10223,poly,S,1,2
mt-Nd4,+,32,10262,poly,F,0.333333333333333,2.66666666666667
mt-Nd4,+,33,10263,div,L,1.33333333333333,1.66666666666667
mt-Nd4,+,37,10275,poly,T,1,2
mt-Nd4,+,54,10328,poly,N,0.333333333333333,2.66666666666667
mt-Nd4,+,59,10343,poly,D,0.333333333333333,2.66666666666667
mt-Nd4,+,70,10374,poly,A,1,2
mt-Nd4,+,74,10388,poly,P,1,2
mt-Nd4,+,82,10412,poly,N,0.333333333333333,2.66666666666667
mt-Nd4,+,88,10429,poly,N,0.333333333333333,2.66666666666667
mt-Nd4,+,89,10433,div,N,0.333333333333333,2.66666666666667
mt-Nd4,+,91,10437,poly,L,1.33333333333333,1.66666666666667
mt-Nd4,+,106,10482,poly,L,1.33333333333333,1.66666666666667
mt-Nd4,+,109,10493,div,T,1,2
mt-Nd4,+,118,10520,poly,F,0.333333333333333,2.66666666666667
mt-Nd4,+,127,10547,poly,I,0.333333333333333,2.66666666666667
mt-Nd4,+,136,10574,div,W,0.333333333333333,2.66666666666667
mt-Nd4,+,139,10583,poly,Q,0.333333333333333,2.66666666666667
mt-Nd4,+,146,10604,div,G,1,2
mt-Nd4,+,148,10610,div,Y,1,2
mt-Nd4,+,157,10637,poly,S,1,2
mt-Nd4,+,167,10667,poly,I,0.333333333333333,2.66666666666667
mt-Nd4,+,169,"10672,10673",poly,N,0.333333333333333,2.66666666666667
mt-Nd4,+,186,10722,poly,L,0.666666666666667,2.33333333333333
mt-Nd4,+,188,10728,div,A,1,2
mt-Nd4,+,189,10731,poly,S,1,2
mt-Nd4,+,259,10943,div,Y,1,2
mt-Nd4,+,279,11003,poly,Q,0.333333333333333,2.66666666666667
mt-Nd4,+,286,11024,poly,I,0.333333333333333,2.66666666666667
mt-Nd4,+,287,11025,poly,A,1,2
mt-Nd4,+,288,11030,poly,Y,1,2
mt-Nd4,+,291,11037,poly,V,1,2
mt-Nd4,+,292,11042,poly,S,1,2
mt-Nd4,+,293,11044,poly,H,0.333333333333333,2.66666666666667
mt-Nd4,+,295,11049,poly,A,1,2
mt-Nd4,+,296,11053,poly,L,1,2
mt-Nd4,+,297,11057,poly,V,1,2
mt-Nd4,+,299,11062,poly,A,1,2
mt-Nd4,+,300,11066,poly,S,1,2
mt-Nd4,+,302,11071,poly,M,0.333333333333333,2.66666666666667
mt-Nd4,+,303,11074,poly,I,0.333333333333333,2.66666666666667
mt-Nd4,+,315,11109,poly,L,1.33333333333333,1.66666666666667
mt-Nd4,+,336,11174,div,R,1,2
mt-Nd4,+,343,11195,div,I,0.333333333333333,2.66666666666667
mt-Nd4,+,347,11207,div,G,1,2
mt-Nd4,+,351,11219,poly,V,1,2
mt-Nd4,+,377,11297,div,G,1,2
mt-Nd4,+,398,11358,poly,I,0.333333333333333,2.66666666666667
mt-Nd4,+,401,11369,div,I,0.333333333333333,2.66666666666667
mt-Nd4,+,405,11381,div,M,0.333333333333333,2.66666666666667
mt-Nd4,+,413,11405,poly,T,1,2
mt-Nd4,+,414,11408,poly,T,1,2
mt-Nd4,+,421,11429,div,N,0.333333333333333,2.66666666666667
mt-Nd4,+,433,11465,div,E,0.333333333333333,2.66666666666667
mt-Nd4,+,436,11474,poly,L,1.33333333333333,1.66666666666667
mt-Nd4,+,438,11480,div,A,1,2
mt-Nd4,+,446,11504,div,L,1,2
mt-Nd4,+,448,11510,div,T,1,2
mt-Nd4,+,449,11511,div,T,1,2
mt-Nd4,+,450,"11515,11516","poly,div",S,1,2
mt-Nd4,+,457,11537,div,L,1.33333333333333,1.66666666666667
mt-Nd5,+,8,11765,poly,I,0.333333333333333,2.66666666666667
mt-Nd5,+,12,11777,poly,F,0.333333333333333,2.66666666666667
mt-Nd5,+,13,11778,poly,I,0.333333333333333,2.66666666666667
mt-Nd5,+,14,11783,poly,L,1,2
mt-Nd5,+,29,"11826,11828",poly,H,0.333333333333333,2.66666666666667
mt-Nd5,+,30,11831,poly,I,0.333333333333333,2.66666666666667
mt-Nd5,+,34,11843,poly,L,1.33333333333333,1.66666666666667
mt-Nd5,+,42,11867,poly,F,0.333333333333333,2.66666666666667
mt-Nd5,+,43,11870,poly,S,1,2
mt-Nd5,+,49,"11886,11888",poly,L,0.666666666666667,2.33333333333333
mt-Nd5,+,51,11892,poly,L,1.33333333333333,1.66666666666667
mt-Nd5,+,54,11903,poly,F,0.333333333333333,2.66666666666667
mt-Nd5,+,56,11907,div,H,0.333333333333333,2.66666666666667
mt-Nd5,+,58,11915,poly,N,0.333333333333333,2.66666666666667
mt-Nd5,+,64,11933,poly,T,1,2
mt-Nd5,+,66,11939,poly,W,0.333333333333333,2.66666666666667
mt-Nd5,+,69,11948,poly,V,1,2
mt-Nd5,+,77,11972,poly,K,0.333333333333333,2.66666666666667
mt-Nd5,+,86,11999,poly,S,1,2
mt-Nd5,+,87,12002,poly,I,0.333333333333333,2.66666666666667
mt-Nd5,+,88,12005,poly,L,1.33333333333333,1.66666666666667
mt-Nd5,+,89,12008,poly,F,0.333333333333333,2.66666666666667
mt-Nd5,+,90,12011,poly,T,1,2
mt-Nd5,+,95,12026,poly,F,0.333333333333333,2.66666666666667
mt-Nd5,+,103,12050,poly,F,0.333333333333333,2.66666666666667
mt-Nd5,+,113,12079,poly,N,0.333333333333333,2.66666666666667
mt-Nd5,+,123,12110,poly,L,1.33333333333333,1.66666666666667
mt-Nd5,+,125,12116,div,L,1.33333333333333,1.66666666666667
mt-Nd5,+,130,12129,poly,I,0.333333333333333,2.66666666666667
mt-Nd5,+,132,12137,div,T,1,2
mt-Nd5,+,152,12197,div,F,0.333333333333333,2.66666666666667
mt-Nd5,+,158,12215,poly,W,0.333333333333333,2.66666666666667
mt-Nd5,+,174,12263,poly,Y,1,2
mt-Nd5,+,188,12305,poly,W,0.333333333333333,2.66666666666667
mt-Nd5,+,193,12319,poly,M,0.333333333333333,2.66666666666667
mt-Nd5,+,194,12323,poly,N,0.333333333333333,2.66666666666667
mt-Nd5,+,197,12332,poly,E,0.333333333333333,2.66666666666667
mt-Nd5,+,200,12341,poly,Q,0.333333333333333,2.66666666666667
mt-Nd5,+,204,12353,poly,S,1,2
mt-Nd5,+,217,12390,div,L,0.666666666666667,2.33333333333333
mt-Nd5,+,218,12395,poly,I,0.333333333333333,2.66666666666667
mt-Nd5,+,245,12476,div,A,1,2
mt-Nd5,+,260,12521,poly,L,1.33333333333333,1.66666666666667
mt-Nd5,+,261,"12522,12524",poly,V,1,2
mt-Nd5,+,262,12527,poly,R,1,2
mt-Nd5,+,267,12542,div,T,1,2
mt-Nd5,+,286,12597,poly,L,0.666666666666667,2.33333333333333
mt-Nd5,+,287,12602,div,F,0.333333333333333,2.66666666666667
mt-Nd5,+,291,12614,div,C,0.333333333333333,2.66666666666667
mt-Nd5,+,301,12644,div,I,0.333333333333333,2.66666666666667
mt-Nd5,+,302,12647,div,I,0.333333333333333,2.66666666666667
mt-Nd5,+,305,12656,div,S,1,2
mt-Nd5,+,308,12665,poly,S,1,2
mt-Nd5,+,311,12674,poly,G,1,2
mt-Nd5,+,312,12677,poly,L,1.33333333333333,1.66666666666667
mt-Nd5,+,315,12686,poly,V,1,2
mt-Nd5,+,336,12749,div,K,0.333333333333333,2.66666666666667
mt-Nd5,+,337,12752,div,A,1,2
mt-Nd5,+,365,12835,poly,I,0.333333333333333,2.66666666666667
mt-Nd5,+,368,12845,poly,F,0.333333333333333,2.66666666666667
mt-Nd5,+,383,12890,poly,M,0.333333333333333,2.66666666666667
mt-Nd5,+,396,12929,poly,I,0.333333333333333,2.66666666666667
mt-Nd5,+,398,12933,poly,A,1,2
mt-Nd5,+,411,12974,div,I,0.333333333333333,2.66666666666667
mt-Nd5,+,413,12980,poly,L,1.33333333333333,1.66666666666667
mt-Nd5,+,414,12982,poly,I,0.333333333333333,2.66666666666667
mt-Nd5,+,421,13004,poly,M,0.333333333333333,2.66666666666667
mt-Nd5,+,435,13046,div,P,1,2
mt-Nd5,+,437,13052,poly,F,0.333333333333333,2.66666666666667
mt-Nd5,+,438,13055,div,P,1,2
mt-Nd5,+,447,13082,poly,D,0.333333333333333,2.66666666666667
mt-Nd5,+,448,13084,poly,P,1,2
mt-Nd5,+,453,13100,poly,P,1,2
mt-Nd5,+,467,13140,div,V,1,2
mt-Nd5,+,472,13157,poly,I,0.333333333333333,2.66666666666667
mt-Nd5,+,476,13168,poly,S,1,2
mt-Nd5,+,477,13172,div,I,0.333333333333333,2.66666666666667
mt-Nd5,+,478,13175,poly,P,1,2
mt-Nd5,+,497,13232,poly,G,1,2
mt-Nd5,+,502,13247,poly,L,1.33333333333333,1.66666666666667
mt-Nd5,+,505,13256,poly,N,0.333333333333333,2.66666666666667
mt-Nd5,+,517,13292,div,N,0.333333333333333,2.66666666666667
mt-Nd5,+,519,13298,poly,Y,1,2
mt-Nd5,+,521,"13303,13304","poly,div",S,1,2
mt-Nd5,+,527,13322,poly,G,1,2
mt-Nd5,+,529,13328,poly,F,0.333333333333333,2.66666666666667
mt-Nd5,+,532,13337,div,I,0.333333333333333,2.66666666666667
mt-Nd5,+,539,13357,poly,M,0.333333333333333,2.66666666666667
mt-Nd5,+,541,13362,poly,S,1,2
mt-Nd5,+,543,13369,poly,N,0.333333333333333,2.66666666666667
mt-Nd5,+,544,13373,poly,L,1.33333333333333,1.66666666666667
mt-Nd5,+,545,13376,poly,S,1,2
mt-Nd5,+,555,13406,poly,L,0.666666666666667,2.33333333333333
mt-Nd5,+,557,13412,div,W,0.333333333333333,2.66666666666667
mt-Nd5,+,558,13413,div,L,0.666666666666667,2.33333333333333
mt-Nd5,+,568,13445,poly,T,1,2
mt-Nd5,+,572,13457,div,N,0.333333333333333,2.66666666666667
mt-Nd5,+,583,13488,poly,L,0.666666666666667,2.33333333333333
mt-Nd5,+,589,"13507,13508",poly,M,0.333333333333333,2.66666666666667
mt-Nd5,+,593,13519,poly,I,0.333333333333333,2.66666666666667
mt-Nd6,-,163,13582,poly,I,0.333333333333333,2.66666666666667
mt-Nd6,-,153,13612,poly,V,1,2
mt-Nd6,-,136,13663,poly,E,0.333333333333333,2.66666666666667
mt-Nd6,-,135,13666,div,L,0.666666666666667,2.33333333333333
mt-Nd6,-,132,13675,poly,G,1,2
mt-Nd6,-,128,13689,poly,V,1,2
mt-Nd6,-,121,13708,div,G,1,2
mt-Nd6,-,120,"13711,13713",poly,L,0.666666666666667,2.33333333333333
mt-Nd6,-,119,13715,poly,G,1,2
mt-Nd6,-,110,13743,poly,D,0.333333333333333,2.66666666666667
mt-Nd6,-,109,13746,poly,Y,1,2
mt-Nd6,-,105,"13756,13757",poly,V,1,2
mt-Nd6,-,104,13760,div,C,0.333333333333333,2.66666666666667
mt-Nd6,-,97,13781,poly,I,0.333333333333333,2.66666666666667
mt-Nd6,-,93,13792,poly,V,1,2
mt-Nd6,-,90,13801,poly,G,1,2
mt-Nd6,-,86,13813,div,W,0.333333333333333,2.66666666666667
mt-Nd6,-,78,13837,poly,Y,1,2
mt-Nd6,-,77,13840,div,E,0.333333333333333,2.66666666666667
mt-Nd6,-,74,13849,poly,A,1,2
mt-Nd6,-,70,13861,poly,T,1,2
mt-Nd6,-,28,13987,poly,G,1,2
mt-Nd6,-,19,14014,div,L,0.666666666666667,2.33333333333333
mt-Nd6,-,15,14028,poly,G,1,2
mt-Nd6,-,14,14030,poly,V,1,2
mt-Nd6,-,8,14047,poly,L,0.666666666666667,2.33333333333333
mt-Cytb,+,8,14168,div,H,0.333333333333333,2.66666666666667
mt-Cytb,+,16,14192,poly,H,0.333333333333333,2.66666666666667
mt-Cytb,+,22,14210,div,P,1,2
mt-Cytb,+,34,14246,poly,G,1,2
mt-Cytb,+,39,14259,div,V,1,2
mt-Cytb,+,43,14273,div,V,1,2
mt-Cytb,+,46,14282,div,I,0.333333333333333,2.66666666666667
mt-Cytb,+,48,14288,div,G,1,2
mt-Cytb,+,55,14309,poly,Y,1,2
mt-Cytb,+,69,14351,poly,I,0.333333333333333,2.66666666666667
mt-Cytb,+,70,14354,div,C,0.333333333333333,2.66666666666667
mt-Cytb,+,81,14387,div,Y,1,2
mt-Cytb,+,97,14435,poly,H,0.333333333333333,2.66666666666667
mt-Cytb,+,98,14438,poly,V,1,2
mt-Cytb,+,109,14471,poly,F,0.333333333333333,2.66666666666667
mt-Cytb,+,117,14495,poly,V,1,2
mt-Cytb,+,130,14534,poly,G,1,2
mt-Cytb,+,131,14537,div,Y,1,2
mt-Cytb,+,135,14549,poly,W,0.333333333333333,2.66666666666667
mt-Cytb,+,142,14570,div,G,1,2
mt-Cytb,+,165,14639,poly,W,0.333333333333333,2.66666666666667
mt-Cytb,+,166,14642,poly,G,1,2
mt-Cytb,+,168,14648,poly,F,0.333333333333333,2.66666666666667
mt-Cytb,+,175,14669,poly,L,0.666666666666667,2.33333333333333
mt-Cytb,+,188,14708,div,I,0.333333333333333,2.66666666666667
mt-Cytb,+,192,14718,poly,L,1.33333333333333,1.66666666666667
mt-Cytb,+,197,14735,div,L,1,2
mt-Cytb,+,198,14738,poly,L,1,2
mt-Cytb,+,200,14744,div,L,1,2
mt-Cytb,+,211,14775,poly,L,0.666666666666667,2.33333333333333
mt-Cytb,+,217,14794,poly,K,0.333333333333333,2.66666666666667
mt-Cytb,+,218,14798,div,I,0.333333333333333,2.66666666666667
mt-Cytb,+,221,14807,div,H,0.333333333333333,2.66666666666667
mt-Cytb,+,231,14837,poly,G,1,2
mt-Cytb,+,234,14846,poly,I,0.333333333333333,2.66666666666667
mt-Cytb,+,243,14873,poly,V,1,2
mt-Cytb,+,245,14879,div,F,0.333333333333333,2.66666666666667
mt-Cytb,+,247,14885,div,P,1,2
mt-Cytb,+,260,14924,div,N,0.333333333333333,2.66666666666667
mt-Cytb,+,279,14981,poly,A,1,2
mt-Cytb,+,291,15017,poly,V,1,2
mt-Cytb,+,295,"15027,15029",poly,I,0.333333333333333,2.66666666666667
mt-Cytb,+,324,15116,poly,L,0.666666666666667,2.33333333333333
mt-Cytb,+,326,15122,poly,W,0.333333333333333,2.66666666666667
mt-Cytb,+,327,15125,poly,I,0.333333333333333,2.66666666666667
mt-Cytb,+,330,15134,div,A,1,2
mt-Cytb,+,331,15137,poly,N,0.333333333333333,2.66666666666667
mt-Cytb,+,335,15147,poly,L,0.666666666666667,2.33333333333333
mt-Cytb,+,339,15161,poly,G,1,2
mt-Cytb,+,341,15167,poly,Q,0.333333333333333,2.66666666666667
mt-Cytb,+,355,15209,poly,S,1,2
mt-Cytb,+,363,15231,poly,L,0.666666666666667,2.33333333333333
mt-Cytb,+,365,15239,div,L,1,2
mt-Cytb,+,366,15242,poly,M,0.333333333333333,2.66666666666667
mt-Cytb,+,372,15260,poly,I,0.333333333333333,2.66666666666667
